,id_anonimo,Boas vindas!!!,Unnamed: 3,Plano de ensino (unificado),Unnamed: 5,Cronograma detalhado,Unnamed: 7,Diário de classe,Unnamed: 9,Lançamento de notas e frequência no sistema acadêmico,Unnamed: 11,Cálculo de notas para Exame Especial,Unnamed: 13,Escolha para o EXAME ESPECIAL,Unnamed: 15,Página da disciplina,Unnamed: 17,Agenda do Professor,Unnamed: 19,"Atendimentos: Extraclase, Monitoria e Tutoria",Unnamed: 21,opCoders Judge (Corretor automático de exercícios práticos),Unnamed: 23,Informações sobre recursos didáticos,Unnamed: 25,Material Didático Unificado,Unnamed: 27,Conteúdo teórico (livro texto),Unnamed: 29,Resumo para a Prova Teórica 1 (PT1),Unnamed: 31,Resumo para a Prova Teórica 1 (PT2),Unnamed: 33,Bibliografia básica,Unnamed: 35,[T] Apresentação da disciplina,Unnamed: 37,Material complementar - Videoaula: Apresentação da disciplina (29 min),Unnamed: 39,[T] Cap. 1 - Introdução,Unnamed: 41,Material complementar - Videoaula: Introdução (37 min),Unnamed: 43,[AP-1.1] Ambiente de programação,Unnamed: 45,[T] Caps. 2 e 3 -Conceitos básicos,Unnamed: 47,Material complementar - Videoaula: Conceitos básicos (120 min),Unnamed: 49,[AP-1.2] Conhecendo o corretor automático,Unnamed: 51,"[AP-2_3] Variáveis, expressões, entrada e saída",Unnamed: 53,[T] Estruturas de Decisão,Unnamed: 55,Material complementar - Videoaula: Estruturas de Decisão (87 min),Unnamed: 57,[AP-4.1] Estruturas de Decisão Simples,Unnamed: 59,[AP-4.2] Estruturas de Decisão Aninhadas,Unnamed: 61,[T] Estrutura de Repetição: WHILE,Unnamed: 63,Material complementar - Videoaula: Estrutura de Repetição: WHILE (79 min),Unnamed: 65,Questionário estrutura WHILE,Unnamed: 67,[AP-5.1] Estrutura de Repetição: WHILE,Unnamed: 69,[T] Estrutura de Repetição: FOR,Unnamed: 71,Material complementar - Videoaula: Estrutura de Repetição: FOR (69 min),Unnamed: 73,[AP-5.2] Estrutura de Repetição: FOR,Unnamed: 75,[T] Estrutura de Repetição - Laços Aninhados,Unnamed: 77,Material complementar - Videoaula: Estrutura de Repetição: Laços Aninhados (46 min),Unnamed: 79,[AP-5.3] Estrutura de Repetição - Laços Aninhados,Unnamed: 81,[T] Implementação de Funções,Unnamed: 83,Material complementar - Videoaula: Implementação de Funções (57 min),Unnamed: 85,[AP-6.1] Implementação de Funções,Unnamed: 87,[AP-6.2] Implementação de Funções,Unnamed: 89,Biblioteca padrão para Vetores e Matrizes,Unnamed: 91,[T] Estruturas Homogêneas: VETOR,Unnamed: 93,Material complementar - Videoaula: Estruturas Homogêneas: VETOR (100 min),Unnamed: 95,[AP-7.1] Estrutura Homogênea - VETOR,Unnamed: 97,[AP-7.2] Estrutura Homogênea - VETOR,Unnamed: 99,[T] Estruturas Homogêneas: MATRIZ,Unnamed: 101,Material complementar - Videoaula: Estruturas Homogêneas: MATRIZ (61 min),Unnamed: 103,[AP-7.3] Estrutura Homogênea - MATRIZ,Unnamed: 105,[AP-7.4] Estrutura Homogênea - MATRIZ,Unnamed: 107,[T] Estruturas Heterogêneas: REGISTRO,Unnamed: 109,Material complementar - Videoaula: Estruturas Heterogêneas: REGISTRO (25 min),Unnamed: 111,[AP-8] Estruturas Heterogêneas - REGISTRO,Unnamed: 113,Unnamed: 114,Unnamed: 115
0,0e5ac37a8aa23cdde6b8abfee77ef79c,Concluído,2024-11-28 13:28:05,Não concluído,,Não concluído,,Não concluído,,Não concluído,,Não concluído,,Não concluído,,Não concluído,,Não concluído,,Não concluído,,Não concluído,,Não concluído,,Não concluído,,Não concluído,,Não concluído,,Concluído,2025-03-20 16:37:31,Não concluído,,Não concluído,,Não concluído,,Não concluído,,Não concluído,,Não concluído,,Não concluído,,Não concluído,,Não concluído,,Não concluído,,Não concluído,,Não concluído,,Não concluído,,Não concluído,,Não concluído,,Concluído,2024-12-10 18:25:37,Concluído,2024-12-10 18:31:39,Não concluído,,Concluído,2024-12-10 18:50:18,Concluído,2024-12-21 14:01:34,Concluído,2024-12-21 13:50:35,Concluído,2025-01-21 08:43:57,Concluído,2025-02-06 19:02:26,Concluído,2025-02-09 19:21:15,Concluído,2025-02-04 13:47:24,Não concluído,,Não concluído,,Não concluído,,Não concluído,,Não concluído,,Não concluído,,Não concluído,,Não concluído,,Não concluído,,Não concluído,,Não concluído,,Não concluído,,Não concluído,,Não concluído,,Não concluído,,Não concluído,
2,6d86e37dea245adf7bb1ab3780cfb6c6,Não concluído,,Não concluído,,Não concluído,,Não concluído,,Não concluído,,Não concluído,,Não concluído,,Não concluído,,Não concluído,,Não concluído,,Não concluído,,Não concluído,,Não concluído,,Não concluído,,Não concluído,,Não concluído,,Não concluído,,Não concluído,,Não concluído,,Não concluído,,Não concluído,,Não concluído,,Não concluído,,Não concluído,,Não concluído,,Não concluído,,Não concluído,,Não concluído,,Não concluído,,Não concluído,,Não concluído,,Não concluído,,Concluído,2024-12-10 11:37:54,Não concluído,,Não concluído,,Não concluído,,Concluído,2025-01-29 18:56:24,Não concluído,,Não concluído,,Concluído,2025-03-29 07:12:47,Não concluído,,Não concluído,,Não concluído,,Não concluído,,Não concluído,,Concluído,2025-03-25 21:20:32,Não concluído,,Não concluído,,Não concluído,,Não concluído,,Não concluído,,Não concluído,,Não concluído,,Não concluído,,Não concluído,,Não concluído,,Não concluído,
3,cdd8ee189c5d6b06b33fabe138566fca,Não concluído,,Não concluído,,Não concluído,,Não concluído,,Não concluído,,Não concluído,,Não concluído,,Não concluído,,Não concluído,,Não concluído,,Não concluído,,Não concluído,,Não concluído,,Não concluído,,Não concluído,,Não concluído,,Não concluído,,Não concluído,,Não concluído,,Não concluído,,Não concluído,,Não concluído,,Não concluído,,Não concluído,,Não concluído,,Não concluído,,Não concluído,,Não concluído,,Não concluído,,Não concluído,,Não concluído,,Não concluído,,Concluído,2024-12-10 20:02:55,Concluído,2025-01-28 19:22:23,Concluído,2024-12-11 15:20:20,Não concluído,,Não concluído,,Não concluído,,Não concluído,,Não concluído,,Não concluído,,Não concluído,,Não concluído,,Não concluído,,Não concluído,,Não concluído,,Não concluído,,Não concluído,,Não concluído,,Não concluído,,Não concluído,,Não concluído,,Não concluído,,Não concluído,,Não concluído,,Não concluído,,Não concluído,
4,b3f036a602d657ed160c1255ff355a47,Não concluído,,Não concluído,,Não concluído,,Não concluído,,Não concluído,,Não concluído,,Não concluído,,Não concluído,,Não concluído,,Não concluído,,Não concluído,,Não concluído,,Não concluído,,Não concluído,,Não concluído,,Não concluído,,Não concluído,,Não concluído,,Não concluído,,Concluído,2024-11-13 23:07:33,Concluído,2024-11-14 22:32:19,Concluído,2024-11-14 22:32:20,Concluído,2024-11-25 23:12:51,Concluído,2024-11-25 23:12:55,Concluído,2024-11-25 23:12:55,Não concluído,,Não concluído,,Não concluído,,Não concluído,,Não concluído,,Não concluído,,Não concluído,,Concluído,2024-12-11 21:42:50,Não concluído,,Concluído,2024-12-11 21:42:56,Concluído,2025-01-21 10:41:02,Concluído,2025-01-21 10:41:04,Concluído,2025-01-21 10:41:03,Concluído,2025-02-06 14:25:38,Concluído,2025-02-06 14:33:45,Não concluído,,Não concluído,,Não concluído,,Não concluído,,Não concluído,,Não concluído,,Não concluído,,Não concluído,,Não concluído,,Não concluído,,Não concluído,,Não concluído,,Não concluído,,Não concluído,,Não concluído,,Não concluído,,Não concluído,
5,c95c523ccac8859e142719c42cfd0253,Concluído,2024-11-14 18:57:31,Não concluído,,Não concluído,,Não concluído,,Não concluído,,Não concluído,,Não concluído,,Não concluído,,Não concluído,,Não concluído,,Não concluído,,Não concluído,,Não concluído,,Não concluído,,Não concluído,,Não concluído,,Não concluído,,Não concluído,,Não concluído,,Não concluído,,Não concluído,,Não concluído,,Não concluído,,Não concluído,,Não concluído,,Concluído,2024-11-25 12:16:29,Concluído,2024-11-25 12:16:27,Não concluído,,Não concluído,,Concluído,2024-12-02 18:59:53,Concluído,2024-12-05 13:26:08,Não concluído,,Não concluído,,Não concluído,,Concluído,2024-12-09 16:31:22,Não concluído,,Não concluído,,Concluído,2024-12-16 19:30:04,Não concluído,,Não concluído,,Não concluído,,Não concluído,,Não concluído,,Não concluído,,Não concluído,,Não concluído,,Não concluído,,Não concluído,,Não concluído,,Não concluído,,Não concluído,,Não concluído,,Não concluído,,Não concluído,,Não concluído,,Não concluído,,Não concluído,
6,012a09f6b298d56460be243574f15daf,Concluído,2024-11-13 08:46:20,Concluído,2024-11-13 08:46:22,Concluído,2024-11-13 08:46:24,Concluído,2025-02-18 15:22:33,Concluído,2025-04-07 13:27:07,Concluído,2025-04-07 13:27:12,Concluído,2024-11-19 15:23:32,Concluído,2024-11-19 15:23:34,Concluído,2024-11-19 15:23:36,Concluído,2024-11-19 15:23:38,Concluído,2025-02-18 15:22:39,Concluído,2024-11-19 15:23:41,Concluído,2025-02-18 15:22:44,Concluído,2024-11-19 15:23:44,Não concluído,,Não concluído,,Concluído,2024-11-19 15:23:48,Concluído,2024-11-19 15:23:50,Concluído,2025-02-18 19:56:30,Concluído,2024-11-19 15:23:54,Concluído,2024-11-19 15:23:55,Concluído,2024-11-19 15:23:56,Concluído,2024-11-19 15:23:57,Concluído,2024-11-19 15:23:59,Concluído,2024-11-19 15:24:02,Concluído,2025-02-18 19:56:53,Concluído,2024-11-23 15:08:42,Concluído,2024-11-27 17:25:51,Não concluído,,Não concluído,,Não concluído,,Concluído,2024-12-12 15:21:29,Não concluído,,Não concluído,,Não concluído,,Concluído,2024-12-16 13:22:42,Não concluído,,Não concluído,,Não concluído,,Não concluído,,Não concluído,,Não concluído,,Não concluído,,Não concluído,,Não concluído,,Não concluído,,Não concluído,,Não concluído,,Não concluído,,Não concluído,,Não concluído,,Não concluído,,Não concluído,,Não concluído,,Não concluído,,Não concluído,,Não concluído,
7,3919acaa3651cb0dcad3bb1d32f7c12b,Não concluído,,Não concluído,,Não concluído,,Não concluído,,Não concluído,,Não concluído,,Não concluído,,Não concluído,,Não concluído,,Não concluído,,Não concluído,,Não concluído,,Não concluído,,Não concluído,,Não concluído,,Não concluído,,Não concluído,,Não concluído,,Não concluído,,Não concluído,,Não concluído,,Não concluído,,Não concluído,,Não concluído,,Não concluído,,Não concluído,,Não concluído,,Não concluído,,Não concluído,,Não concluído,,Não concluído,,Não concluído,,Concluído,2025-01-22 22:51:28,Não concluído,,Concluído,2025-01-28 15:41:22,Não concluído,,Concluído,2025-01-31 12:47:43,Concluído,2025-01-31 20:01:17,Não concluído,,Não concluído,,Não concluído,,Não concluído,,Não concluído,,Não concluído,,Não concluído,,Concluído,2025-02-27 13:50:00,Não concluído,,Não concluído,,Não concluído,,Não concluído,,Não concluído,,Não concluído,,Não concluído,,Não concluído,,Não concluído,,Não concluído,,Não concluído,
9,23b16a693c147e2240dba2d2295ee0b5,Não concluído,,Não concluído,,Não concluído,,Não concluído,,Não concluído,,Não concluído,,Não concluído,,Não concluído,,Não concluído,,Não concluído,,Não concluído,,Não concluído,,Não concluído,,Não concluído,,Não concluído,,Não concluído,,Não concluído,,Não concluído,,Não concluído,,Não concluído,,Não concluído,,Não concluído,,Não concluído,,Não concluído,,Não concluído,,Não concluído,,Não concluído,,Não concluído,,Não concluído,,Não concluído,,Não concluído,,Concluído,2025-03-20 12:28:51,Não concluído,,Não concluído,,Não concluído,,Não concluído,,Concluído,2025-03-20 12:28:59,Não concluído,,Não concluído,,Não concluído,,Não concluído,,Não concluído,,Não concluído,,Não concluído,,Não concluído,,Não concluído,,Não concluído,,Não concluído,,Não concluído,,Não concluído,,Não concluído,,Não concluído,,Não concluído,,Não concluído,,Não concluído,,Não concluído,,Não concluído,
10,4bf6453abbadc3fdc1f47eebbf14f55c,Concluído,2025-01-31 18:05:39,Não concluído,2024-12-02 18:41:51,Não concluído,2025-01-19 22:46:17,Não concluído,,Não concluído,,Não concluído,,Não concluído,,Não concluído,,Não concluído,,Não concluído,2024-12-06 09:43:39,Não concluído,,Não concluído,,Não concluído,,Não concluído,,Não concluído,,Não concluído,,Não concluído,,Não concluído,,Concluído,2025-01-29 17:00:34,Concluído,2025-01-29 17:00:36,Concluído,2025-01-29 17:00:48,Concluído,2025-01-29 17:40:25,Concluído,2025-01-29 17:40:26,Concluído,2025-01-29 17:51:32,Concluído,2024-12-11 10:22:31,Concluído,2025-01-31 11:57:19,Concluído,2025-01-31 11:57:29,Concluído,2025-01-31 21:54:53,Concluído,2025-01-31 21:55:30,Concluído,2025-01-31 21:55:31,Concluído,2025-01-31 21:55:32,Concluído,2024-12-16 23:43:43,Concluído,2024-12-16 23:45:50,Não concluído,,Não concluído,,Não concluído,,Não concluído,,Não concluído,,Não concluído,,Não concluído,,Não concluído,,Não concluído,,Não concluído,,Não concluído,,Não concluído,,Não concluído,,Não concluído,,Não concluído,,Não concluído,,Não concluído,,Não concluído,,Não concluído,,Não concluído,,Não concluído,,Não concluído,,Não concluído,,Não concluído,
11,36bb769a7b2935e3b3f20d1cced21c7b,Não concluído,,Não concluído,,Não concluído,,Não concluído,,Não concluído,,Não concluído,,Não concluído,,Não concluído,,Não concluído,,Não concluído,,Não concluído,,Não concluído,,Não concluído,,Não concluído,,Não concluído,,Não concluído,,Não concluído,,Não concluído,,Não concluído,,Não concluído,,Não concluído,,Não concluído,,Não concluído,,Não concluído,,Não concluído,,Não concluído,,Não concluído,,Não concluído,,Não concluído,,Não concluído,,Não concluído,,Concluído,2024-12-09 16:01:28,Concluído,2024-12-09 16:00:09,Não concluído,,Não concluído,,Concluído,2025-03-18 20:03:00,Concluído,2025-03-18 20:03:06,Concluído,2025-03-19 12:56:53,Concluído,2025-02-06 10:22:52,Não concluído,,Concluído,2025-02-06 10:22:32,Não concluído,,Não concluído,,Não concluído,,Não concluído,,Não concluído,,Não concluído,,Não concluído,,Não concluído,,Não concluído,,Não concluído,,Não concluído,,Não concluído,,Não concluído,,Não concluído,,Não concluído,,Não concluído,
12,de72f5a62974ffa3f0e47a5aec2273e2,Não concluído,,Não concluído,,Não concluído,,Não concluído,,Não concluído,,Não concluído,,Não concluído,,Não concluído,,Não concluído,,Não concluído,,Não concluído,,Não concluído,,Não concluído,,Não concluído,,Não concluído,,Não concluído,,Não concluído,,Não concluído,,Não concluído,,Não concluído,,Não concluído,,Não concluído,,Não concluído,,Não concluído,,Não concluído,,Não concluído,,Não concluído,,Não concluído,,Não concluído,,Não concluído,,Não concluído,,Não concluído,,Não concluído,,Não concluído,,Não concluído,,Não concluído,,Concluído,2025-01-31 14:57:26,Não concluído,,Não concluído,,Não concluído,,Não concluído,,Não concluído,,Não concluído,,Não concluído,,Não concluído,,Não concluído,,Não concluído,,Não concluído,,Não concluído,,Não concluído,,Não concluído,,Não concluído,,Não concluído,,Não concluído,,Não concluído,,Não concluído,,Não concluído,
13,e914d5dd14998e53c837b3dbd25c977c,Concluído,2024-12-06 16:53:25,Concluído,2024-12-06 16:54:36,Concluído,2024-12-06 16:54:45,Concluído,2024-12-06 16:55:33,Não concluído,,Concluído,2024-12-06 16:55:44,Não concluído,,Não concluído,,Não concluído,,Não concluído,,Não concluído,,Não concluído,,Não concluído,,Não concluído,,Não concluído,,Não concluído,,Não concluído,,Concluído,2024-12-06 16:54:03,Não concluído,,Não concluído,,Não concluído,,Não concluído,,Não concluído,,Não concluído,,Não concluído,,Não concluído,,Não concluído,,Não concluído,,Não concluído,,Não concluído,,Não concluído,,Não concluído,,Não concluído,,Não concluído,,Não concluído,,Não concluído,,Não concluído,,Não concluído,,Não concluído,,Não concluído,,Não concluído,,Não concluído,,Não concluído,,Não concluído,,Não concluído,,Não concluído,,Não concluído,,Não concluído,,Não concluído,,Não concluído,,Não concluído,,Não concluído,,Não concluído,,Não concluído,,Não concluído,,Não concluído,,Não concluído,
14,fca51f6282af24ac9fddc7c3eca867a7,Concluído,2024-11-19 15:26:15,Concluído,2024-11-21 15:34:28,Concluído,2024-11-21 15:34:32,Concluído,2024-11-21 15:34:30,Não concluído,,Concluído,2024-11-21 15:34:34,Concluído,2024-11-21 15:34:35,Concluído,2024-12-02 15:25:24,Concluído,2024-12-02 15:25:25,Concluído,2024-12-02 15:25:27,Concluído,2024-11-21 16:23:56,Concluído,2024-12-02 15:25:28,Concluído,2024-11-21 15:34:43,Concluído,2024-11-21 15:34:39,Concluído,2025-03-25 10:50:45,Concluído,2025-03-18 17:19:25,Concluído,2024-11-21 15:34:42,Concluído,2024-11-21 15:34:45,Concluído,2024-12-02 15:25:12,Concluído,2024-11-21 15:34:50,Concluído,2024-11-19 15:31:17,Concluído,2024-11-21 15:34:51,Concluído,2024-11-21 15:34:54,Concluído,2024-11-20 13:54:59,Concluído,2024-11-21 16:23:39,Concluído,2024-11-21 16:23:39,Concluído,2024-11-21 16:23:40,Concluído,2024-12-06 13:43:41,Concluído,2024-12-06 13:43:42,Concluído,2024-12-06 13:43:43,Concluído,2024-12-06 13:43:44,Concluído,2024-12-12 15:58:29,Concluído,2024-12-17 15:24:05,Concluído,2024-12-15 20:21:59,Concluído,2024-12-15 20:22:07,Concluído,2024-12-15 20:22:54,Não concluído,,Concluído,2025-02-10 15:09:57,Concluído,2025-02-10 15:10:19,Não concluído,,Não concluído,,Não concluído,,Não concluído,,Não concluído,,Não concluído,,Não concluído,,Não concluído,,Não concluído,,Não concluído,,Não concluído,,Concluído,2025-03-27 14:44:36,Não concluído,,Não concluído,,Não concluído,,Não concluído,,Não concluído,,Não concluído,
15,fb97d198313bfe921af2996f7a43311d,Não concluído,,Não concluído,,Não concluído,,Não concluído,,Não concluído,,Não concluído,,Não concluído,,Não concluído,,Não concluído,,Não concluído,,Não concluído,,Não concluído,,Não concluído,,Não concluído,,Não concluído,,Não concluído,,Não concluído,,Não concluído,,Não concluído,,Não concluído,,Não concluído,,Não concluído,,Não concluído,,Não concluído,,Não concluído,,Não concluído,,Não concluído,,Não concluído,,Não concluído,,Não concluído,,Não concluído,,Não concluído,,Não concluído,,Não concluído,,Não concluído,,Concluído,2024-12-19 15:28:25,Não concluído,,Não concluído,,Não concluído,,Não concluído,,Não concluído,,Não concluído,,Não concluído,,Não concluído,,Não concluído,,Concluído,2025-04-02 20:46:58,Não concluído,,Não concluído,,Não concluído,,Não concluído,,Não concluído,,Não concluído,,Não concluído,,Não concluído,,Não concluído,,Não concluído,,Não concluído,
16,d1db8058b644c60517623865be574313,Não concluído,,Não concluído,,Não concluído,2024-12-10 11:34:29,Não concluído,2025-01-29 19:52:51,Não concluído,,Não concluído,,Não concluído,,Não concluído,,Não concluído,,Não concluído,,Não concluído,,Não concluído,,Não concluído,,Não concluído,,Não concluído,,Não concluído,,Não concluído,,Não concluído,,Não concluído,,Não concluído,,Não concluído,,Não concluído,,Não concluído,,Não concluído,,Não concluído,,Não concluído,,Não concluído,,Não concluído,,Não concluído,,Não concluído,2024-12-10 11:34:13,Não concluído,,Concluído,2024-12-10 18:11:53,Concluído,2024-12-10 18:12:04,Concluído,2024-12-12 15:37:09,Não concluído,,Concluído,2025-01-29 19:53:58,Concluído,2025-01-29 19:54:18,Concluído,2025-02-05 15:03:51,Concluído,2025-02-05 15:04:17,Concluído,2025-02-06 14:47:53,Concluído,2025-02-06 14:47:42,Não concluído,,Não concluído,,Não concluído,,Não concluído,,Não concluído,,Não concluído,,Não concluído,,Não concluído,,Não concluído,,Não concluído,,Não concluído,,Não concluído,,Não concluído,,Não concluído,,Não concluído,,Não concluído,
17,b5cef49165e298c6c365dc37ddfee7a3,Não concluído,,Não concluído,,Não concluído,,Não concluído,,Não concluído,,Não concluído,,Não concluído,,Não concluído,,Não concluído,,Não concluído,,Não concluído,,Não concluído,,Não concluído,,Não concluído,,Não concluído,,Não concluído,,Não concluído,,Não concluído,,Não concluído,,Não concluído,,Não concluído,,Não concluído,,Não concluído,,Não concluído,,Não concluído,,Não concluído,,Não concluído,,Não concluído,,Não concluído,,Não concluído,,Não concluído,,Não concluído,,Não concluído,,Não concluído,,Não concluído,,Não concluído,,Não concluído,,Não concluído,,Não concluído,,Não concluído,,Não concluído,,Não concluído,,Não concluído,,Não concluído,,Não concluído,,Não concluído,,Não concluído,,Não concluído,,Não concluído,,Não concluído,,Não concluído,,Não concluído,,Não concluído,,Não concluído,,Não concluído,,Não concluído,,Não concluído,
18,8c48db400a22bd2b95733ff7f842f5e4,Não concluído,,Não concluído,2025-03-25 13:57:42,Não concluído,2025-04-01 13:33:43,Não concluído,2025-02-04 12:04:31,Não concluído,,Não concluído,,Concluído,2025-04-01 13:33:42,Não concluído,,Não concluído,,Não concluído,2024-11-13 10:59:50,Não concluído,,Não concluído,,Não concluído,,Não concluído,,Não concluído,,Não concluído,,Não concluído,,Não concluído,,Concluído,2025-04-03 11:31:41,Concluído,2025-04-03 11:31:44,Concluído,2025-04-03 11:31:46,Concluído,2025-04-03 11:31:48,Concluído,2025-04-03 11:31:49,Concluído,2025-04-03 11:31:56,Concluído,2025-04-03 11:31:54,Concluído,2025-04-03 11:31:52,Não concluído,,Não concluído,,Não concluído,,Não concluído,,Não concluído,,Não concluído,,Concluído,2025-04-04 23:38:46,Não concluído,,Não concluído,,Não concluído,,Concluído,2025-04-04 23:39:24,Não concluído,,Não concluído,,Concluído,2025-04-04 23:39:39,Não concluído,,Não concluído,,Não concluído,,Não concluído,,Não concluído,,Não concluído,,Não concluído,,Não concluído,,Não concluído,,Não concluído,,Não concluído,,Não concluído,,Não concluído,,Não concluído,,Não concluído,,Não concluído,,Não concluído,
19,5f8862379a5fb116b1fe429edba82a09,Não concluído,,Não concluído,,Não concluído,,Não concluído,,Não concluído,,Não concluído,,Não concluído,,Não concluído,,Não concluído,,Não concluído,,Não concluído,,Não concluído,,Não concluído,,Não concluído,,Não concluído,,Não concluído,,Não concluído,,Não concluído,,Não concluído,,Não concluído,,Não concluído,,Não concluído,,Não concluído,,Não concluído,,Não concluído,,Não concluído,,Não concluído,,Não concluído,,Não concluído,,Não concluído,,Não concluído,,Não concluído,,Não concluído,,Não concluído,,Não concluído,,Não concluído,,Não concluído,,Concluído,2025-01-28 07:36:17,Concluído,2025-02-06 14:34:02,Não concluído,,Concluído,2025-02-06 14:33:26,Não concluído,,Não concluído,,Não concluído,,Não concluído,,Não concluído,,Não concluído,,Não concluído,,Não concluído,,Não concluído,,Não concluído,,Não concluído,,Não concluído,,Não concluído,,Não concluído,,Não concluído,,Não concluído,
20,e879e8c07ec2a6794ee88232702a1b83,Não concluído,,Não concluído,,Não concluído,,Não concluído,,Não concluído,,Não concluído,,Não concluído,,Não concluído,,Não concluído,,Não concluído,,Não concluído,,Não concluído,,Não concluído,,Não concluído,,Não concluído,,Não concluído,,Não concluído,,Não concluído,,Não concluído,,Não concluído,,Não concluído,,Não concluído,,Não concluído,,Não concluído,,Não concluído,,Não concluído,,Não concluído,,Não concluído,,Não concluído,,Não concluído,,Não concluído,,Não concluído,,Concluído,2024-12-12 12:58:57,Concluído,2024-12-13 09:49:01,Concluído,2024-12-13 09:47:42,Não concluído,,Não concluído,,Não concluído,,Não concluído,,Não concluído,,Não concluído,,Não concluído,,Não concluído,,Não concluído,,Não concluído,,Não concluído,,Não concluído,,Não concluído,,Não concluído,,Não concluído,,Não concluído,,Não concluído,,Não concluído,,Não concluído,,Não concluído,,Não concluído,,Não concluído,
23,3e7423d5ab36e6f8d555b73d40a71b75,Não concluído,,Não concluído,,Não concluído,,Não concluído,,Não concluído,,Não concluído,,Não concluído,,Não concluído,,Não concluído,,Não concluído,,Concluído,2024-12-16 10:01:31,Não concluído,,Não concluído,,Não concluído,,Não concluído,,Não concluído,,Não concluído,,Não concluído,,Não concluído,,Não concluído,,Não concluído,,Não concluído,,Não concluído,,Não concluído,,Não concluído,,Não concluído,,Não concluído,,Não concluído,,Não concluído,,Não concluído,,Não concluído,,Não concluído,,Não concluído,,Não concluído,,Concluído,2024-12-08 20:39:53,Não concluído,,Não concluído,,Não concluído,,Não concluído,,Não concluído,,Não concluído,,Não concluído,,Não concluído,,Não concluído,,Não concluído,,Não concluído,,Não concluído,,Não concluído,,Não concluído,,Não concluído,,Não concluído,,Não concluído,,Não concluído,,Não concluído,,Não concluído,,Não concluído,,Não concluído,
25,b8da2ab4fca6f0ac4b6e500fb3b60d8b,Não concluído,,Não concluído,,Não concluído,,Não concluído,,Não concluído,,Não concluído,,Não concluído,,Não concluído,,Não concluído,,Não concluído,,Não concluído,,Não concluído,,Não concluído,,Não concluído,,Não concluído,,Não concluído,,Não concluído,,Não concluído,,Não concluído,,Não concluído,,Não concluído,,Não concluído,,Não concluído,,Não concluído,,Não concluído,,Não concluído,,Não concluído,,Não concluído,,Não concluído,,Não concluído,,Não concluído,,Não concluído,,Concluído,2024-12-10 18:34:45,Não concluído,,Concluído,2024-12-11 11:54:57,Não concluído,,Concluído,2025-04-04 20:46:24,Não concluído,,Não concluído,,Não concluído,,Não concluído,,Não concluído,,Não concluído,,Não concluído,,Não concluído,,Não concluído,,Não concluído,,Não concluído,,Não concluído,,Não concluído,,Não concluído,,Não concluído,,Não concluído,,Não concluído,,Não concluído,,Não concluído,,Não concluído,
27,7391cca70389bbcf14350d0de2c1af53,Não concluído,,Não concluído,,Não concluído,,Não concluído,,Não concluído,,Não concluído,,Não concluído,,Não concluído,,Não concluído,,Não concluído,,Não concluído,,Não concluído,,Não concluído,,Não concluído,,Não concluído,,Não concluído,,Não concluído,,Não concluído,,Não concluído,,Não concluído,,Não concluído,,Não concluído,,Não concluído,,Não concluído,,Não concluído,,Não concluído,,Não concluído,,Não concluído,,Não concluído,,Não concluído,,Não concluído,,Não concluído,,Não concluído,,Não concluído,,Não concluído,,Não concluído,,Não concluído,,Não concluído,,Não concluído,,Não concluído,,Não concluído,,Não concluído,,Não concluído,,Não concluído,,Não concluído,,Não concluído,,Não concluído,,Não concluído,,Não concluído,,Não concluído,,Não concluído,,Não concluído,,Não concluído,,Não concluído,,Não concluído,,Não concluído,,Não concluído,
28,4261daf02094ed894b73e652dc3808dd,Não concluído,,Não concluído,,Não concluído,,Não concluído,,Não concluído,,Não concluído,,Não concluído,,Não concluído,,Não concluído,,Não concluído,,Não concluído,,Não concluído,,Não concluído,,Não concluído,,Não concluído,,Não concluído,,Não concluído,,Não concluído,,Não concluído,,Não concluído,,Não concluído,,Não concluído,,Não concluído,,Não concluído,,Não concluído,,Não concluído,,Não concluído,,Não concluído,,Não concluído,,Não concluído,,Não concluído,,Não concluído,,Não concluído,,Não concluído,,Não concluído,,Não concluído,,Não concluído,,Não concluído,,Não concluído,,Não concluído,,Não concluído,,Não concluído,,Não concluído,,Não concluído,,Não concluído,,Não concluído,,Não concluído,,Não concluído,,Não concluído,,Não concluído,,Não concluído,,Não concluído,,Não concluído,,Não concluído,,Não concluído,,Não concluído,,Não concluído,
30,b095d481ee999b9ea64095b3f5f6c777,Não concluído,,Não concluído,,Não concluído,,Não concluído,,Não concluído,,Não concluído,,Não concluído,,Não concluído,,Não concluído,,Não concluído,,Não concluído,,Não concluído,,Não concluído,,Não concluído,,Não concluído,,Não concluído,,Não concluído,,Não concluído,,Não concluído,,Não concluído,,Não concluído,,Não concluído,,Não concluído,,Não concluído,,Não concluído,,Não concluído,,Não concluído,,Não concluído,,Não concluído,,Não concluído,,Não concluído,,Não concluído,,Concluído,2024-12-15 12:25:15,Não concluído,,Não concluído,,Não concluído,,Concluído,2025-01-29 13:34:26,Não concluído,,Não concluído,,Não concluído,,Não concluído,,Não concluído,,Não concluído,,Não concluído,,Não concluído,,Não concluído,,Não concluído,,Não concluído,,Não concluído,,Não concluído,,Não concluído,,Não concluído,,Não concluído,,Não concluído,,Não concluído,,Não concluído,,Não concluído,
31,da543c8b53d5691929425fa19b5e0e91,Não concluído,,Não concluído,,Não concluído,,Não concluído,,Não concluído,,Não concluído,,Não concluído,,Não concluído,,Não concluído,,Não concluído,,Não concluído,,Não concluído,,Não concluído,,Não concluído,,Não concluído,,Não concluído,,Não concluído,,Não concluído,,Não concluído,,Não concluído,,Não concluído,,Não concluído,,Não concluído,,Não concluído,,Não concluído,,Não concluído,,Não concluído,,Não concluído,,Não concluído,,Não concluído,,Não concluído,2024-11-28 15:28:17,Não concluído,,Não concluído,,Não concluído,,Concluído,2024-12-12 15:50:12,Concluído,2024-12-19 15:16:57,Não concluído,,Concluído,2024-12-19 15:17:27,Concluído,2025-02-04 19:55:49,Concluído,2025-02-04 19:48:25,Concluído,2025-02-04 19:44:47,Não concluído,,Concluído,2025-02-16 14:49:19,Não concluído,,Não concluído,,Não concluído,,Não concluído,,Não concluído,,Não concluído,,Não concluído,,Não concluído,,Não concluído,,Não concluído,,Não concluído,,Não concluído,,Não concluído,,Não concluído,
32,f569277b84079529115f77daeca35675,Não concluído,,Não concluído,,Não concluído,,Não concluído,,Não concluído,,Não concluído,,Não concluído,,Não concluído,,Não concluído,,Não concluído,,Não concluído,,Não concluído,,Não concluído,,Não concluído,,Não concluído,,Não concluído,,Não concluído,,Não concluído,,Não concluído,,Não concluído,,Não concluído,,Não concluído,,Não concluído,,Não concluído,,Não concluído,,Não concluído,,Não concluído,,Não concluído,,Não concluído,,Não concluído,,Não concluído,,Não concluído,,Não concluído,,Não concluído,,Não concluído,,Não concluído,,Não concluído,,Não concluído,,Não concluído,,Não concluído,,Não concluído,,Não concluído,,Não concluído,,Não concluído,,Não concluído,,Não concluído,,Não concluído,,Não concluído,,Não concluído,,Não concluído,,Não concluído,,Não concluído,,Não concluído,,Não concluído,,Não concluído,,Não concluído,,Não concluído,
33,002e62ce43c4be181c013ea38b664e48,Não concluído,,Não concluído,,Não concluído,,Não concluído,,Não concluído,,Não concluído,,Não concluído,,Não concluído,,Não concluído,,Não concluído,,Não concluído,,Não concluído,,Não concluído,,Não concluído,,Não concluído,,Não concluído,,Não concluído,,Não concluído,,Não concluído,,Não concluído,,Não concluído,,Não concluído,,Não concluído,,Não concluído,,Não concluído,,Não concluído,,Não concluído,,Não concluído,,Não concluído,,Não concluído,,Não concluído,,Concluído,2024-12-10 20:17:38,Concluído,2024-12-10 20:22:04,Concluído,2025-01-03 15:46:49,Concluído,2024-12-10 20:22:25,Não concluído,,Não concluído,,Não concluído,,Não concluído,,Não concluído,,Não concluído,,Não concluído,,Não concluído,,Não concluído,,Não concluído,,Não concluído,,Não concluído,,Não concluído,,Não concluído,,Não concluído,,Não concluído,,Não concluído,,Não concluído,,Não concluído,,Não concluído,,Não concluído,,Não concluído,
34,93cfc6a3e1dab471d1702a61391b7a2b,Não concluído,,Não concluído,,Não concluído,,Não concluído,,Não concluído,,Não concluído,,Não concluído,,Não concluído,,Não concluído,,Não concluído,,Não concluído,,Não concluído,,Não concluído,,Não concluído,,Não concluído,,Não concluído,,Não concluído,,Não concluído,,Não concluído,,Não concluído,,Não concluído,,Não concluído,,Não concluído,,Não concluído,,Não concluído,,Não concluído,,Não concluído,,Não concluído,,Não concluído,,Não concluído,,Não concluído,,Não concluído,,Não concluído,,Não concluído,,Não concluído,,Não concluído,,Não concluído,,Não concluído,,Não concluído,,Não concluído,,Não concluído,,Não concluído,,Não concluído,,Não concluído,,Não concluído,,Não concluído,,Não concluído,,Não concluído,,Não concluído,,Não concluído,,Não concluído,,Não concluído,,Não concluído,,Não concluído,,Não concluído,,Não concluído,,Não concluído,
35,3ab2130cb5b747fc04a35cdb6032e9c8,Não concluído,,Não concluído,,Não concluído,,Não concluído,,Não concluído,,Não concluído,,Não concluído,,Não concluído,,Não concluído,,Não concluído,,Não concluído,,Não concluído,,Não concluído,,Não concluído,,Não concluído,,Não concluído,,Não concluído,,Não concluído,,Não concluído,,Não concluído,,Não concluído,,Não concluído,,Não concluído,,Não concluído,,Não concluído,,Não concluído,,Não concluído,,Não concluído,,Não concluído,,Não concluído,,Não concluído,,Concluído,2024-12-07 11:46:45,Concluído,2024-12-07 11:46:57,Não concluído,,Concluído,2024-12-07 11:47:49,Não concluído,,Não concluído,,Não concluído,,Não concluído,,Não concluído,,Não concluído,,Não concluído,,Não concluído,,Não concluído,,Não concluído,,Não concluído,,Não concluído,,Não concluído,,Não concluído,,Não concluído,,Não concluído,,Não concluído,,Não concluído,,Não concluído,,Não concluído,,Não concluído,,Não concluído,
36,f2b686eee45ef20d512bdd5975dd12c8,Não concluído,,Não concluído,,Não concluído,,Não concluído,,Não concluído,,Não concluído,,Não concluído,,Não concluído,,Não concluído,,Não concluído,,Não concluído,,Não concluído,,Não concluído,,Não concluído,,Não concluído,,Não concluído,,Não concluído,,Não concluído,,Não concluído,,Não concluído,,Não concluído,,Não concluído,,Não concluído,,Não concluído,,Não concluído,,Não concluído,,Não concluído,,Não concluído,,Não concluído,,Não concluído,,Não concluído,,Não concluído,,Não concluído,,Não concluído,,Não concluído,,Concluído,2025-01-14 13:20:06,Não concluído,,Não concluído,,Não concluído,,Não concluído,,Não concluído,,Não concluído,,Não concluído,,Não concluído,,Não concluído,,Não concluído,,Não concluído,,Não concluído,,Não concluído,,Não concluído,,Não concluído,,Não concluído,,Não concluído,,Não concluído,,Não concluído,,Não concluído,,Não concluído,
37,fbfca27cbd005fee8113e841bfd2fe57,Não concluído,,Concluído,2025-03-20 12:44:21,Não concluído,,Concluído,2025-03-20 12:44:24,Não concluído,,Não concluído,,Não concluído,,Não concluído,,Não concluído,,Não concluído,,Não concluído,,Não concluído,,Não concluído,,Não concluído,,Não concluído,,Não concluído,,Não concluído,,Não concluído,,Não concluído,,Não concluído,,Não concluído,,Não concluído,,Não concluído,,Não concluído,,Não concluído,,Não concluído,,Não concluído,,Não concluído,,Não concluído,,Não concluído,,Não concluído,,Concluído,2024-12-19 11:55:14,Concluído,2024-12-12 10:32:05,Concluído,2025-02-04 15:11:29,Concluído,2024-12-19 11:55:34,Concluído,2025-02-04 15:12:43,Concluído,2025-02-04 15:12:39,Concluído,2025-02-04 15:12:37,Concluído,2025-02-04 15:12:35,Concluído,2025-02-04 15:12:32,Concluído,2025-02-04 15:12:26,Não concluído,,Não concluído,,Não concluído,,Não concluído,,Não concluído,,Não concluído,,Não concluído,,Não concluído,,Não concluído,,Não concluído,,Não concluído,,Não concluído,,Não concluído,,Não concluído,,Não concluído,,Não concluído,
38,befc12beccc4fefee35f622ff5eebcef,Concluído,2024-12-03 21:46:55,Concluído,2024-12-03 20:51:44,Concluído,2024-12-03 20:51:45,Concluído,2024-12-03 20:51:46,Não concluído,,Concluído,2024-12-03 20:51:49,Concluído,2024-12-03 20:51:48,Concluído,2024-12-03 20:51:51,Concluído,2024-12-03 20:51:52,Concluído,2024-12-03 20:51:53,Concluído,2024-12-03 20:51:54,Concluído,2024-12-03 20:51:56,Concluído,2024-12-03 21:46:41,Concluído,2024-12-03 21:46:44,Concluído,2025-03-27 20:24:37,Concluído,2025-03-27 20:24:37,Concluído,2024-12-03 21:46:49,Concluído,2024-12-03 21:46:51,Concluído,2024-12-03 21:47:03,Concluído,2024-11-17 06:34:32,Concluído,2024-11-17 06:34:34,Concluído,2024-11-17 06:34:44,Concluído,2024-11-17 06:34:42,Concluído,2024-12-03 21:47:05,Concluído,2024-12-03 21:47:06,Concluído,2024-12-03 21:47:06,Concluído,2024-12-03 21:47:07,Concluído,2024-12-03 21:47:16,Concluído,2024-12-03 21:47:16,Concluído,2024-12-03 21:47:17,Concluído,2024-12-03 21:47:18,Concluído,2024-12-10 08:36:42,Concluído,2024-12-10 08:02:46,Concluído,2024-12-10 09:26:33,Concluído,2024-12-10 08:36:57,Concluído,2024-12-16 20:27:48,Concluído,2024-12-16 20:27:43,Concluído,2024-12-16 20:27:56,Concluído,2025-02-03 11:34:17,Concluído,2025-02-03 11:34:36,Concluído,2025-02-03 11:34:58,Concluído,2025-03-27 20:24:24,Concluído,2025-03-27 20:24:25,Concluído,2025-03-27 20:24:25,Concluído,2025-03-27 20:24:26,Concluído,2025-03-27 20:24:06,Concluído,2025-03-27 20:24:09,Concluído,2025-03-27 20:24:09,Concluído,2025-03-27 20:24:10,Concluído,2025-03-27 20:24:12,Concluído,2025-03-27 20:24:14,Concluído,2025-03-27 20:24:15,Concluído,2025-03-27 20:24:15,Concluído,2025-03-27 20:24:16,Não concluído,,Não concluído,,Não concluído,
39,5054d5b275df188bbc9aa39d3cfa6ad9,Concluído,2025-03-23 14:54:27,Concluído,2024-11-26 13:31:15,Concluído,2024-11-26 13:31:18,Concluído,2024-11-26 13:31:18,Não concluído,,Concluído,2024-11-26 13:31:19,Concluído,2024-11-26 13:31:19,Concluído,2024-11-26 13:31:20,Concluído,2024-11-26 13:31:20,Concluído,2024-11-26 13:31:21,Concluído,2024-11-26 13:31:22,Concluído,2024-11-26 13:31:22,Concluído,2024-12-22 21:43:40,Concluído,2024-12-22 21:43:41,Não concluído,,Não concluído,,Concluído,2024-12-22 21:43:46,Não concluído,,Concluído,2024-12-22 21:43:52,Concluído,2024-11-15 18:56:02,Concluído,2024-11-15 18:56:04,Concluído,2024-11-15 18:56:07,Concluído,2024-11-15 18:56:09,Concluído,2024-11-15 18:56:20,Concluído,2024-11-26 13:31:33,Concluído,2024-11-26 13:31:33,Concluído,2024-11-26 13:31:33,Concluído,2024-12-22 21:43:56,Concluído,2024-12-22 21:43:57,Concluído,2024-12-22 21:43:57,Concluído,2024-12-22 21:44:03,Concluído,2024-12-09 20:06:33,Concluído,2024-12-09 20:06:44,Concluído,2025-03-23 14:54:22,Concluído,2024-12-09 22:08:34,Não concluído,,Não concluído,,Não concluído,,Não concluído,,Não concluído,,Não concluído,,Concluído,2025-03-23 14:54:08,Concluído,2025-03-23 14:54:08,Concluído,2025-03-23 14:54:09,Concluído,2025-03-23 14:54:09,Concluído,2025-03-23 14:53:59,Concluído,2025-03-23 14:54:00,Concluído,2025-03-23 14:54:02,Concluído,2025-03-23 14:54:02,Concluído,2025-03-23 14:54:03,Concluído,2025-03-23 14:54:03,Concluído,2025-03-23 14:54:04,Concluído,2025-03-23 14:54:04,Concluído,2025-03-23 14:54:04,Não concluído,,Não concluído,,Não concluído,
40,ef76d40add2d76243a11e1f42ab166f0,Não concluído,,Não concluído,,Não concluído,,Não concluído,,Não concluído,,Não concluído,,Não concluído,,Concluído,2024-11-20 18:14:00,Concluído,2024-11-20 18:13:37,Concluído,2024-11-20 18:12:59,Concluído,2024-11-20 18:12:46,Concluído,2024-11-20 18:13:01,Concluído,2024-11-20 18:28:02,Concluído,2024-11-20 18:28:00,Não concluído,,Não concluído,,Não concluído,,Concluído,2024-11-20 18:28:09,Não concluído,,Concluído,2024-11-20 18:29:32,Concluído,2024-11-20 18:29:35,Concluído,2024-11-20 18:29:37,Concluído,2024-11-20 18:29:38,Concluído,2024-11-20 18:29:50,Não concluído,,Não concluído,,Não concluído,,Não concluído,,Não concluído,,Não concluído,,Não concluído,,Não concluído,,Concluído,2024-12-10 16:08:21,Não concluído,,Não concluído,,Concluído,2024-12-18 22:55:50,Não concluído,,Concluído,2024-12-18 23:25:31,Concluído,2025-02-06 14:23:59,Não concluído,,Concluído,2025-02-06 14:23:52,Não concluído,,Não concluído,,Não concluído,,Não concluído,,Não concluído,,Não concluído,,Não concluído,,Não concluído,,Não concluído,,Não concluído,,Não concluído,,Não concluído,,Não concluído,,Não concluído,,Não concluído,,Não concluído,
41,a295f698a6e337dc3a28521631173fcc,Concluído,2024-11-22 19:09:52,Concluído,2024-11-22 19:10:17,Concluído,2024-11-22 19:10:33,Concluído,2024-11-22 19:10:57,Não concluído,,Concluído,2024-11-22 19:10:36,Concluído,2024-11-22 19:10:38,Concluído,2024-11-22 19:10:59,Concluído,2024-11-22 19:11:03,Concluído,2024-11-22 19:11:06,Concluído,2024-11-22 19:11:49,Concluído,2024-11-22 19:11:42,Não concluído,,Não concluído,,Não concluído,,Não concluído,,Não concluído,,Não concluído,,Concluído,2025-01-14 17:10:27,Concluído,2024-11-13 19:40:25,Concluído,2024-11-14 23:23:15,Concluído,2024-11-14 23:23:17,Concluído,2024-11-14 23:23:37,Concluído,2024-11-14 23:23:25,Concluído,2024-11-14 23:23:26,Concluído,2024-11-22 19:13:25,Concluído,2024-11-22 19:13:23,Não concluído,,Não concluído,,Não concluído,,Não concluído,,Concluído,2024-12-09 11:05:45,Concluído,2024-12-10 18:51:32,Não concluído,,Não concluído,,Concluído,2025-01-31 22:04:52,Concluído,2025-01-30 23:36:13,Não concluído,,Não concluído,,Concluído,2025-03-22 11:14:24,Não concluído,,Não concluído,,Não concluído,,Não concluído,,Não concluído,,Não concluído,,Não concluído,,Não concluído,,Não concluído,,Não concluído,,Não concluído,,Não concluído,,Não concluído,,Não concluído,,Não concluído,,Não concluído,,Não concluído,
42,a427ca8cc5589c815b0429e3acfc3dc9,Não concluído,,Não concluído,,Não concluído,,Não concluído,,Não concluído,,Concluído,2025-01-21 14:00:17,Não concluído,,Não concluído,,Não concluído,,Não concluído,,Não concluído,,Não concluído,,Não concluído,,Não concluído,,Não concluído,,Não concluído,,Não concluído,,Não concluído,,Não concluído,,Não concluído,,Não concluído,,Não concluído,,Não concluído,,Não concluído,,Não concluído,,Não concluído,,Não concluído,,Não concluído,,Não concluído,,Não concluído,,Não concluído,,Não concluído,,Não concluído,,Não concluído,,Não concluído,,Não concluído,,Não concluído,,Não concluído,,Não concluído,,Não concluído,,Não concluído,,Não concluído,,Não concluído,,Não concluído,,Não concluído,,Não concluído,,Não concluído,,Não concluído,,Não concluído,,Não concluído,,Não concluído,,Não concluído,,Não concluído,,Não concluído,,Não concluído,,Não concluído,,Não concluído,
43,ea3b5101990ff4f57b87551fcd058fd6,Concluído,2024-11-15 12:24:24,Concluído,2024-11-14 18:55:29,Concluído,2024-11-14 18:55:31,Concluído,2024-11-14 18:55:38,Não concluído,,Concluído,2024-11-14 18:55:38,Concluído,2024-11-14 18:55:40,Concluído,2024-11-14 18:55:41,Concluído,2024-11-14 18:55:42,Concluído,2024-11-14 18:55:47,Concluído,2024-11-14 18:56:26,Concluído,2024-11-14 18:57:00,Concluído,2024-11-15 12:24:38,Não concluído,,Não concluído,,Não concluído,,Concluído,2024-11-14 18:58:33,Concluído,2024-11-14 18:58:30,Não concluído,,Concluído,2024-11-14 18:55:17,Concluído,2024-11-14 18:55:18,Concluído,2024-11-14 18:55:19,Concluído,2024-11-14 18:55:20,Concluído,2024-11-15 12:25:17,Concluído,2024-11-25 09:39:59,Concluído,2024-11-25 09:40:01,Concluído,2024-11-25 09:40:05,Não concluído,,Não concluído,,Não concluído,,Não concluído,,Concluído,2024-12-22 17:28:42,Concluído,2024-12-22 17:28:17,Concluído,2024-12-12 08:35:37,Concluído,2024-12-12 08:35:02,Concluído,2025-01-31 21:49:57,Concluído,2024-12-22 17:29:27,Não concluído,,Não concluído,,Não concluído,,Não concluído,,Concluído,2025-03-21 20:55:07,Concluído,2025-03-21 20:55:08,Concluído,2025-03-28 09:46:54,Concluído,2025-03-28 09:46:55,Concluído,2025-03-27 10:11:46,Concluído,2025-03-27 10:11:49,Concluído,2025-03-27 10:11:50,Concluído,2025-03-28 09:47:03,Concluído,2025-03-28 09:47:04,Concluído,2025-03-28 09:47:06,Concluído,2025-03-28 18:55:45,Não concluído,,Não concluído,,Não concluído,,Não concluído,,Não concluído,
44,f21960129080c227f23dacf354d56093,Não concluído,,Não concluído,,Não concluído,,Não concluído,,Não concluído,,Não concluído,,Não concluído,,Não concluído,,Não concluído,,Não concluído,,Não concluído,,Não concluído,,Não concluído,,Não concluído,,Não concluído,,Não concluído,,Não concluído,,Não concluído,,Não concluído,,Não concluído,,Não concluído,,Não concluído,,Não concluído,,Não concluído,,Não concluído,,Não concluído,,Não concluído,,Não concluído,,Não concluído,,Não concluído,,Não concluído,,Não concluído,,Não concluído,,Não concluído,,Não concluído,,Não concluído,,Não concluído,,Não concluído,,Não concluído,,Não concluído,,Não concluído,,Não concluído,,Não concluído,,Não concluído,,Não concluído,,Não concluído,,Não concluído,,Não concluído,,Não concluído,,Não concluído,,Não concluído,,Não concluído,,Não concluído,,Não concluído,,Não concluído,,Não concluído,,Não concluído,
46,e257be593331a536f5b5480403468567,Não concluído,,Não concluído,,Não concluído,,Não concluído,,Não concluído,,Não concluído,,Não concluído,,Não concluído,,Não concluído,,Não concluído,,Não concluído,,Não concluído,,Não concluído,,Não concluído,,Não concluído,,Não concluído,,Não concluído,,Não concluído,,Não concluído,,Não concluído,,Não concluído,,Não concluído,,Não concluído,,Não concluído,,Não concluído,,Não concluído,,Não concluído,,Não concluído,,Não concluído,,Não concluído,,Não concluído,,Não concluído,,Concluído,2024-12-16 12:29:37,Não concluído,,Não concluído,,Concluído,2025-02-01 08:11:50,Concluído,2025-02-01 08:11:59,Não concluído,,Concluído,2025-02-06 14:30:15,Não concluído,,Concluído,2025-02-06 14:48:50,Não concluído,,Não concluído,,Não concluído,,Não concluído,,Não concluído,,Não concluído,,Não concluído,,Não concluído,,Não concluído,,Não concluído,,Não concluído,,Não concluído,,Não concluído,,Não concluído,,Não concluído,,Não concluído,
47,121fb2c61337b6216bec1cd21de663a9,Não concluído,,Não concluído,,Não concluído,,Não concluído,,Não concluído,,Não concluído,,Não concluído,,Não concluído,,Não concluído,,Não concluído,,Não concluído,,Não concluído,,Não concluído,,Não concluído,,Não concluído,,Não concluído,,Não concluído,,Não concluído,,Não concluído,,Não concluído,,Não concluído,,Não concluído,,Não concluído,,Não concluído,,Não concluído,,Não concluído,,Não concluído,,Não concluído,,Não concluído,,Não concluído,,Não concluído,,Concluído,2025-03-09 10:10:28,Não concluído,,Não concluído,,Não concluído,,Concluído,2025-03-09 10:10:36,Não concluído,,Não concluído,,Concluído,2025-03-09 10:10:42,Não concluído,,Não concluído,,Não concluído,,Não concluído,,Não concluído,,Não concluído,,Não concluído,,Não concluído,,Não concluído,,Não concluído,,Não concluído,,Não concluído,,Não concluído,,Não concluído,,Não concluído,,Não concluído,,Não concluído,,Não concluído,
48,dd4d73fab7c6cab2a53583df2fa247df,Não concluído,,Não concluído,,Não concluído,2024-11-11 23:39:03,Não concluído,,Não concluído,,Não concluído,,Não concluído,,Não concluído,,Não concluído,,Não concluído,,Não concluído,,Não concluído,,Não concluído,,Não concluído,,Não concluído,,Não concluído,,Não concluído,,Não concluído,,Não concluído,,Não concluído,,Não concluído,,Não concluído,,Não concluído,,Não concluído,,Não concluído,,Não concluído,,Não concluído,,Não concluído,,Não concluído,,Não concluído,,Não concluído,,Não concluído,,Concluído,2025-01-24 15:07:22,Não concluído,,Não concluído,,Não concluído,,Não concluído,,Não concluído,,Não concluído,,Não concluído,,Não concluído,,Não concluído,,Não concluído,,Não concluído,,Não concluído,,Não concluído,,Não concluído,,Não concluído,,Não concluído,,Não concluído,,Não concluído,,Não concluído,,Não concluído,,Não concluído,,Não concluído,,Não concluído,,Não concluído,
49,b1c427bcaeb72882833598f3e098cf0b,Concluído,2025-02-25 11:14:57,Concluído,2024-12-10 18:42:20,Concluído,2024-12-10 18:42:21,Concluído,2024-12-10 18:42:22,Não concluído,,Concluído,2024-12-10 18:42:23,Concluído,2024-12-10 18:42:24,Concluído,2024-12-10 18:42:25,Concluído,2024-12-10 18:42:26,Concluído,2024-12-10 18:42:26,Concluído,2024-12-10 18:42:27,Concluído,2024-12-10 18:42:29,Concluído,2024-12-10 18:42:35,Concluído,2024-12-10 18:42:37,Concluído,2025-02-25 11:14:49,Concluído,2025-02-25 11:14:50,Concluído,2024-12-10 18:42:39,Concluído,2024-12-10 18:43:46,Concluído,2024-12-10 18:42:57,Concluído,2024-12-10 18:42:58,Concluído,2024-12-10 18:42:59,Concluído,2024-12-10 18:42:59,Concluído,2024-12-10 18:43:00,Concluído,2024-12-10 18:43:02,Concluído,2024-12-10 18:43:03,Concluído,2024-12-10 18:43:04,Concluído,2024-12-10 18:43:05,Concluído,2024-12-10 18:43:12,Concluído,2024-12-10 18:43:12,Concluído,2024-12-10 18:43:13,Concluído,2024-12-10 18:43:15,Concluído,2024-12-10 18:40:44,Concluído,2024-12-10 18:41:46,Concluído,2024-12-10 18:43:20,Concluído,2024-12-10 18:42:06,Concluído,2025-01-21 18:38:48,Concluído,2025-01-21 18:38:52,Concluído,2025-01-21 18:38:55,Concluído,2025-02-17 13:48:06,Concluído,2025-02-17 13:48:15,Concluído,2025-02-05 16:04:59,Concluído,2025-02-17 13:47:32,Concluído,2025-02-17 13:47:33,Concluído,2025-03-27 10:37:54,Concluído,2025-02-17 13:47:35,Concluído,2025-02-25 11:14:24,Concluído,2025-02-25 11:14:25,Concluído,2025-02-25 11:14:26,Concluído,2025-02-25 11:14:27,Concluído,2025-02-25 11:14:27,Concluído,2025-03-27 10:37:58,Concluído,2025-03-27 10:37:58,Concluído,2025-03-27 10:37:59,Concluído,2025-03-27 10:37:59,Concluído,2025-03-31 20:00:51,Concluído,2025-03-31 20:00:51,Concluído,2025-03-31 20:00:52
50,dfecdda0c894de9914ff72bbd4e0d5e2,Não concluído,2024-11-14 13:50:27,Não concluído,,Não concluído,,Não concluído,,Não concluído,,Não concluído,,Não concluído,,Não concluído,,Não concluído,,Não concluído,,Concluído,2025-03-12 20:38:32,Não concluído,,Concluído,2024-12-05 15:34:55,Não concluído,,Não concluído,,Não concluído,,Não concluído,,Não concluído,,Não concluído,,Não concluído,,Não concluído,,Não concluído,,Não concluído,,Não concluído,,Não concluído,,Não concluído,,Não concluído,,Não concluído,,Não concluído,,Não concluído,,Não concluído,2025-01-16 18:49:19,Não concluído,,Concluído,2024-12-12 12:44:29,Não concluído,,Não concluído,,Não concluído,,Concluído,2025-01-16 18:50:00,Não concluído,,Não concluído,,Não concluído,,Não concluído,,Não concluído,,Não concluído,,Não concluído,,Não concluído,,Não concluído,,Não concluído,,Não concluído,,Não concluído,,Não concluído,,Não concluído,,Não concluído,,Não concluído,,Não concluído,,Não concluído,,Não concluído,,Não concluído,
51,389b579fffd39e85841b946b0f10729d,Não concluído,,Não concluído,,Não concluído,,Não concluído,,Não concluído,,Não concluído,,Não concluído,,Não concluído,,Não concluído,,Não concluído,,Não concluído,,Não concluído,,Não concluído,,Não concluído,,Não concluído,,Não concluído,,Não concluído,,Não concluído,,Não concluído,,Não concluído,,Não concluído,,Não concluído,,Não concluído,,Não concluído,,Não concluído,,Não concluído,,Não concluído,,Não concluído,,Não concluído,,Não concluído,,Não concluído,,Não concluído,,Não concluído,,Não concluído,,Não concluído,,Não concluído,,Não concluído,,Não concluído,,Não concluído,,Não concluído,,Não concluído,,Não concluído,,Não concluído,,Não concluído,,Não concluído,,Não concluído,,Não concluído,,Não concluído,,Não concluído,,Não concluído,,Não concluído,,Não concluído,,Não concluído,,Não concluído,,Não concluído,,Não concluído,,Não concluído,
53,91a8d7321f883bcdd5e6ef9cc31ba3db,Não concluído,,Não concluído,,Não concluído,,Não concluído,,Não concluído,,Não concluído,,Não concluído,,Não concluído,,Não concluído,,Não concluído,,Não concluído,,Não concluído,,Não concluído,,Não concluído,,Não concluído,,Não concluído,,Não concluído,,Não concluído,,Não concluído,,Não concluído,,Não concluído,,Não concluído,,Não concluído,,Não concluído,,Não concluído,,Não concluído,,Não concluído,,Não concluído,,Não concluído,,Não concluído,,Não concluído,,Não concluído,,Não concluído,,Não concluído,,Não concluído,,Não concluído,,Não concluído,,Não concluído,,Não concluído,,Não concluído,,Não concluído,,Não concluído,,Não concluído,,Não concluído,,Não concluído,,Não concluído,,Não concluído,,Não concluído,,Não concluído,,Não concluído,,Não concluído,,Não concluído,,Não concluído,,Não concluído,,Não concluído,,Não concluído,,Não concluído,
55,d1d631d5ec3b668a54762a0428c4c58e,Não concluído,,Concluído,2025-01-21 11:30:19,Não concluído,,Não concluído,,Não concluído,,Não concluído,,Não concluído,,Não concluído,,Não concluído,,Não concluído,,Não concluído,,Não concluído,,Não concluído,,Não concluído,,Não concluído,,Não concluído,,Não concluído,,Não concluído,,Concluído,2025-01-21 11:30:34,Concluído,2025-01-21 11:30:34,Concluído,2025-01-21 11:30:35,Concluído,2025-01-21 11:30:33,Concluído,2025-01-21 11:30:33,Concluído,2025-01-21 11:30:31,Concluído,2025-01-21 11:30:31,Concluído,2025-01-21 11:30:32,Concluído,2025-01-21 11:30:29,Concluído,2025-01-21 11:30:40,Concluído,2025-01-21 11:30:41,Concluído,2025-01-21 11:30:39,Concluído,2025-01-21 11:30:39,Não concluído,,Não concluído,,Não concluído,,Não concluído,,Não concluído,,Não concluído,,Não concluído,,Concluído,2025-02-09 17:55:31,Concluído,2025-02-06 15:17:17,Concluído,2025-02-06 15:17:20,Não concluído,,Não concluído,,Não concluído,,Não concluído,,Não concluído,,Não concluído,,Não concluído,,Não concluído,,Não concluído,,Não concluído,,Não concluído,,Não concluído,,Não concluído,,Não concluído,,Não concluído,,Não concluído,
56,3f3afb7914d3dd2ba9aae53353da89ea,Não concluído,,Não concluído,,Não concluído,2024-11-12 18:43:26,Não concluído,2024-11-12 18:42:45,Não concluído,,Não concluído,,Não concluído,,Não concluído,,Não concluído,,Não concluído,,Não concluído,,Não concluído,,Não concluído,,Não concluído,,Não concluído,,Não concluído,,Não concluído,,Não concluído,,Não concluído,,Concluído,2024-11-15 08:27:38,Concluído,2024-11-15 08:27:52,Concluído,2024-11-13 14:44:58,Concluído,2024-11-19 06:20:00,Concluído,2024-11-25 20:11:20,Concluído,2024-11-25 20:11:26,Concluído,2024-11-25 20:11:29,Não concluído,,Não concluído,,Não concluído,,Não concluído,,Não concluído,,Concluído,2024-12-10 16:12:56,Concluído,2024-12-10 08:42:55,Concluído,2024-12-13 05:50:49,Concluído,2024-12-07 12:55:00,Não concluído,,Concluído,2024-12-17 09:22:31,Concluído,2024-12-16 21:04:47,Não concluído,,Concluído,2025-02-06 18:04:21,Não concluído,,Não concluído,,Não concluído,,Não concluído,,Não concluído,,Não concluído,,Não concluído,,Não concluído,,Não concluído,,Não concluído,,Não concluído,,Não concluído,,Não concluído,,Não concluído,,Não concluído,,Não concluído,,Não concluído,
57,b884e62b11a6466b93c7b06fc9dba840,Não concluído,,Não concluído,,Não concluído,,Não concluído,,Não concluído,,Não concluído,,Não concluído,,Não concluído,,Não concluído,,Não concluído,,Concluído,2025-02-03 11:00:42,Concluído,2024-11-21 19:36:12,Não concluído,,Não concluído,,Não concluído,,Não concluído,,Não concluído,,Não concluído,,Não concluído,,Não concluído,,Concluído,2024-11-21 15:36:35,Não concluído,,Não concluído,,Não concluído,,Não concluído,,Não concluído,,Não concluído,,Não concluído,,Não concluído,,Não concluído,,Não concluído,,Concluído,2024-12-12 10:40:50,Concluído,2024-12-12 10:40:41,Não concluído,2024-12-10 16:12:53,Não concluído,,Não concluído,,Não concluído,,Não concluído,,Não concluído,,Concluído,2025-02-08 20:28:07,Não concluído,,Não concluído,,Não concluído,,Não concluído,,Não concluído,,Não concluído,,Não concluído,,Não concluído,,Não concluído,,Não concluído,,Não concluído,,Não concluído,,Não concluído,,Não concluído,,Não concluído,,Não concluído,,Não concluído,
58,3d1220486a6a135a8fe0057a0109a6c4,Não concluído,,Não concluído,,Não concluído,,Não concluído,,Não concluído,,Não concluído,,Não concluído,,Não concluído,,Não concluído,,Não concluído,,Não concluído,,Não concluído,,Não concluído,,Não concluído,,Não concluído,,Não concluído,,Não concluído,,Não concluído,,Não concluído,,Não concluído,,Não concluído,,Não concluído,,Não concluído,,Não concluído,,Não concluído,,Não concluído,,Não concluído,,Não concluído,,Não concluído,,Não concluído,,Não concluído,,Concluído,2024-12-11 20:54:51,Não concluído,,Não concluído,,Não concluído,,Concluído,2024-12-18 22:34:03,Não concluído,,Não concluído,,Concluído,2025-02-06 13:00:07,Não concluído,,Não concluído,,Não concluído,,Não concluído,,Não concluído,,Não concluído,,Não concluído,,Não concluído,,Não concluído,,Não concluído,,Não concluído,,Não concluído,,Não concluído,,Não concluído,,Não concluído,,Não concluído,,Não concluído,,Não concluído,
59,6de5e6196ce2bd0d670d35c92e07a86e,Não concluído,,Concluído,2024-11-19 17:53:57,Concluído,2024-11-19 17:53:58,Concluído,2024-11-19 17:53:59,Não concluído,,Não concluído,,Não concluído,,Não concluído,,Não concluído,,Não concluído,,Não concluído,,Não concluído,,Concluído,2025-02-26 16:59:59,Concluído,2025-02-26 17:00:00,Concluído,2025-02-26 17:00:04,Não concluído,,Concluído,2025-02-26 17:00:10,Concluído,2025-02-26 17:00:11,Não concluído,,Concluído,2024-11-26 10:55:59,Não concluído,,Não concluído,,Não concluído,,Não concluído,,Não concluído,,Não concluído,,Não concluído,,Não concluído,,Não concluído,,Não concluído,,Não concluído,,Concluído,2024-12-10 14:44:05,Concluído,2024-12-10 11:30:47,Concluído,2025-02-04 12:42:54,Concluído,2025-02-04 12:43:08,Concluído,2025-02-04 12:43:04,Concluído,2025-02-04 12:43:11,Concluído,2025-02-04 12:43:13,Concluído,2025-02-04 12:43:18,Não concluído,,Não concluído,,Não concluído,,Não concluído,,Não concluído,,Não concluído,,Não concluído,,Não concluído,,Não concluído,,Não concluído,,Não concluído,,Não concluído,,Não concluído,,Não concluído,,Não concluído,,Não concluído,,Não concluído,,Não concluído,
61,ba8f7bd067657140f698d6f05eff7b94,Concluído,2025-01-30 13:49:53,Concluído,2025-01-30 13:51:04,Concluído,2025-01-30 13:51:05,Concluído,2025-01-30 13:51:05,Não concluído,,Concluído,2025-01-30 13:51:06,Concluído,2025-01-30 13:51:07,Concluído,2025-01-30 13:51:07,Concluído,2025-01-30 13:51:09,Concluído,2025-01-30 13:51:10,Concluído,2025-01-30 13:51:12,Concluído,2025-01-30 13:51:14,Não concluído,,Não concluído,,Não concluído,,Não concluído,,Não concluído,,Não concluído,,Não concluído,,Não concluído,,Não concluído,,Não concluído,,Não concluído,,Não concluído,,Não concluído,,Não concluído,,Não concluído,,Não concluído,,Não concluído,,Não concluído,,Não concluído,,Não concluído,,Não concluído,,Não concluído,,Não concluído,,Não concluído,,Não concluído,,Não concluído,,Não concluído,,Não concluído,,Não concluído,,Não concluído,,Não concluído,,Não concluído,,Não concluído,,Não concluído,,Não concluído,,Não concluído,,Não concluído,,Não concluído,,Não concluído,,Não concluído,,Não concluído,,Não concluído,,Não concluído,,Não concluído,,Não concluído,
62,e12e37cbc2726f0096825de2198eedec,Não concluído,2025-01-31 11:58:51,Concluído,2024-11-25 13:45:48,Concluído,2025-01-09 10:37:01,Concluído,2025-01-09 10:37:02,Não concluído,,Concluído,2025-01-09 10:37:03,Não concluído,,Não concluído,,Não concluído,,Não concluído,,Não concluído,,Não concluído,,Concluído,2024-11-25 13:46:32,Concluído,2024-11-25 13:46:30,Não concluído,,Não concluído,,Não concluído,,Não concluído,,Não concluído,,Concluído,2025-02-04 17:55:50,Não concluído,,Concluído,2025-02-04 17:55:52,Não concluído,,Não concluído,,Concluído,2025-02-04 14:37:27,Não concluído,,Não concluído,,Não concluído,,Concluído,2025-02-04 17:56:00,Concluído,2024-11-26 18:23:58,Não concluído,,Não concluído,,Não concluído,,Não concluído,,Não concluído,,Não concluído,,Não concluído,,Não concluído,,Não concluído,,Não concluído,,Não concluído,,Não concluído,,Não concluído,,Não concluído,,Não concluído,,Não concluído,,Não concluído,,Não concluído,,Não concluído,,Não concluído,,Não concluído,,Não concluído,,Não concluído,,Não concluído,,Não concluído,,Não concluído,,Não concluído,
63,765dfe23b4760e500c6b5f1d4df23438,Não concluído,,Não concluído,,Não concluído,,Não concluído,,Não concluído,,Não concluído,,Não concluído,2025-01-21 12:26:02,Não concluído,,Não concluído,,Não concluído,,Não concluído,,Não concluído,,Não concluído,,Não concluído,,Não concluído,,Não concluído,,Não concluído,,Não concluído,,Não concluído,,Não concluído,,Não concluído,,Não concluído,,Não concluído,,Não concluído,,Não concluído,,Não concluído,,Não concluído,,Não concluído,,Não concluído,,Não concluído,,Não concluído,,Concluído,2024-12-10 21:58:48,Concluído,2024-12-10 22:03:15,Não concluído,,Concluído,2024-12-10 21:58:36,Não concluído,,Concluído,2025-01-28 22:03:32,Não concluído,,Não concluído,,Não concluído,,Não concluído,,Não concluído,,Não concluído,,Não concluído,,Não concluído,,Não concluído,,Não concluído,,Não concluído,,Não concluído,,Não concluído,,Não concluído,,Não concluído,,Não concluído,,Não concluído,,Não concluído,,Não concluído,,Não concluído,
65,9a4b7d8baa5be015dd5ef10073cb17b0,Concluído,2025-01-27 14:07:45,Concluído,2025-01-27 14:06:39,Concluído,2025-01-27 14:06:40,Concluído,2025-01-27 14:06:41,Não concluído,,Concluído,2025-01-27 14:06:41,Concluído,2025-01-27 14:06:42,Concluído,2025-01-27 14:06:42,Concluído,2025-01-27 14:06:44,Concluído,2025-01-27 14:06:43,Concluído,2025-01-27 14:06:45,Concluído,2025-01-27 14:06:45,Concluído,2025-01-27 14:06:03,Concluído,2025-01-27 14:06:05,Não concluído,,Não concluído,,Concluído,2025-01-27 14:06:08,Concluído,2025-01-27 14:06:09,Concluído,2025-01-27 14:06:13,Concluído,2025-01-27 14:06:14,Concluído,2025-01-27 14:06:16,Concluído,2025-01-27 14:06:15,Concluído,2025-01-27 14:06:20,Concluído,2025-01-27 14:06:17,Concluído,2025-01-27 14:06:18,Concluído,2025-01-27 14:06:19,Concluído,2025-01-27 14:06:19,Concluído,2025-01-27 14:06:34,Concluído,2025-01-27 14:06:35,Concluído,2025-01-27 14:06:36,Concluído,2025-01-27 14:06:36,Concluído,2024-12-12 16:24:03,Concluído,2025-01-27 14:06:55,Concluído,2025-01-27 14:06:23,Concluído,2024-12-12 16:29:09,Concluído,2025-01-27 14:07:01,Concluído,2024-12-18 10:23:08,Concluído,2025-01-27 14:07:17,Concluído,2025-02-06 15:25:50,Não concluído,,Não concluído,,Não concluído,,Não concluído,,Não concluído,,Não concluído,,Concluído,2025-03-13 16:26:15,Concluído,2025-03-13 16:26:14,Concluído,2025-03-13 16:26:14,Concluído,2025-03-13 16:26:13,Concluído,2025-03-13 16:26:13,Concluído,2025-03-13 16:26:12,Concluído,2025-03-13 16:26:12,Concluído,2025-03-13 16:26:11,Concluído,2025-03-13 16:26:10,Não concluído,,Não concluído,,Não concluído,
66,15de1b524d874db2f99534844aa2c59b,Não concluído,,Não concluído,,Não concluído,,Não concluído,,Não concluído,,Não concluído,,Não concluído,,Não concluído,,Não concluído,,Não concluído,,Não concluído,,Não concluído,,Não concluído,,Não concluído,,Não concluído,,Não concluído,,Não concluído,,Não concluído,,Não concluído,,Não concluído,,Não concluído,,Não concluído,,Não concluído,,Não concluído,,Não concluído,,Não concluído,,Não concluído,,Não concluído,,Não concluído,,Não concluído,,Não concluído,,Concluído,2024-12-16 10:20:37,Concluído,2024-12-06 18:42:18,Não concluído,,Concluído,2025-02-01 08:20:12,Concluído,2024-12-17 14:11:40,Não concluído,,Concluído,2024-12-24 20:38:06,Não concluído,,Não concluído,,Não concluído,,Não concluído,,Não concluído,,Não concluído,,Não concluído,,Não concluído,,Não concluído,,Não concluído,,Não concluído,,Não concluído,,Não concluído,,Não concluído,,Não concluído,,Não concluído,,Não concluído,,Não concluído,,Não concluído,
67,7a74bf566554a6f86641006b2b246e99,Não concluído,,Não concluído,,Não concluído,,Não concluído,,Não concluído,,Não concluído,,Não concluído,,Não concluído,,Não concluído,,Não concluído,,Não concluído,,Não concluído,,Não concluído,,Não concluído,,Não concluído,,Não concluído,,Não concluído,,Não concluído,,Não concluído,,Não concluído,,Não concluído,,Não concluído,,Não concluído,,Não concluído,,Não concluído,,Não concluído,,Não concluído,,Não concluído,,Não concluído,,Não concluído,,Não concluído,,Concluído,2024-12-10 14:13:11,Concluído,2024-12-10 14:13:25,Não concluído,,Não concluído,,Não concluído,,Não concluído,,Não concluído,,Não concluído,,Não concluído,,Não concluído,,Não concluído,,Não concluído,,Não concluído,,Não concluído,,Não concluído,,Não concluído,,Não concluído,,Não concluído,,Não concluído,,Não concluído,,Não concluído,,Não concluído,,Não concluído,,Não concluído,,Não concluído,,Não concluído,
68,5e9eb042b9366cb67ed52efa3c579383,Concluído,2025-01-27 07:45:50,Não concluído,,Não concluído,,Não concluído,,Não concluído,,Não concluído,,Não concluído,,Não concluído,,Não concluído,,Não concluído,,Não concluído,,Não concluído,,Não concluído,,Não concluído,,Não concluído,,Não concluído,,Não concluído,,Não concluído,,Não concluído,,Não concluído,,Não concluído,,Não concluído,,Concluído,2025-02-12 22:23:27,Não concluído,,Não concluído,,Não concluído,,Não concluído,,Não concluído,,Não concluído,,Não concluído,,Não concluído,,Concluído,2025-02-20 09:36:17,Não concluído,,Não concluído,,Concluído,2025-04-05 08:44:37,Não concluído,,Não concluído,,Não concluído,,Não concluído,,Não concluído,,Não concluído,,Não concluído,,Não concluído,,Não concluído,,Não concluído,,Não concluído,,Não concluído,,Não concluído,,Não concluído,,Não concluído,,Não concluído,,Não concluído,,Não concluído,,Não concluído,,Não concluído,,Não concluído,,Não concluído,
69,860cc8bc89a9509fdd8cf7c96dbbe014,Não concluído,,Não concluído,,Não concluído,,Não concluído,,Não concluído,,Não concluído,,Não concluído,,Não concluído,,Não concluído,,Não concluído,,Não concluído,,Não concluído,,Não concluído,,Não concluído,,Não concluído,,Não concluído,,Não concluído,,Não concluído,,Não concluído,,Não concluído,,Concluído,2024-11-13 10:29:00,Não concluído,,Concluído,2024-11-13 10:29:04,Concluído,2024-11-14 19:35:36,Não concluído,,Não concluído,,Não concluído,,Não concluído,,Não concluído,,Não concluído,,Não concluído,,Concluído,2024-12-17 13:44:05,Concluído,2024-12-12 16:41:33,Não concluído,,Concluído,2025-01-22 11:50:57,Concluído,2024-12-17 13:57:49,Concluído,2024-12-21 09:50:43,Não concluído,,Não concluído,,Não concluído,,Não concluído,,Não concluído,,Não concluído,,Não concluído,,Não concluído,,Não concluído,,Não concluído,,Não concluído,,Não concluído,,Não concluído,,Não concluído,,Não concluído,,Não concluído,,Não concluído,,Não concluído,,Não concluído,,Não concluído,
70,b8560b042dad98b5c17c51d0a1851104,Não concluído,,Não concluído,,Não concluído,,Não concluído,,Não concluído,,Não concluído,,Não concluído,,Não concluído,,Não concluído,,Não concluído,,Não concluído,,Não concluído,,Não concluído,,Não concluído,,Não concluído,,Não concluído,,Não concluído,,Não concluído,,Não concluído,,Não concluído,,Não concluído,,Não concluído,,Não concluído,,Não concluído,,Não concluído,,Não concluído,,Não concluído,,Não concluído,,Não concluído,,Não concluído,,Não concluído,,Concluído,2025-01-31 10:41:49,Concluído,2025-01-30 10:24:17,Não concluído,,Concluído,2025-01-31 16:58:18,Não concluído,,Concluído,2025-02-01 08:38:19,Concluído,2025-03-19 13:05:06,Não concluído,,Não concluído,,Não concluído,,Não concluído,,Não concluído,,Não concluído,,Não concluído,,Não concluído,,Não concluído,,Não concluído,,Não concluído,,Não concluído,,Não concluído,,Não concluído,,Não concluído,,Não concluído,,Não concluído,,Não concluído,,Não concluído,
71,a8a3353bab00681a3af2a8ac1fdd30cb,Concluído,2024-11-25 20:09:58,Não concluído,,Não concluído,,Não concluído,,Não concluído,,Não concluído,,Não concluído,,Não concluído,,Não concluído,,Não concluído,,Não concluído,,Não concluído,,Não concluído,,Concluído,2024-11-20 21:27:22,Não concluído,,Não concluído,,Não concluído,,Não concluído,,Não concluído,,Não concluído,,Concluído,2024-11-25 19:55:08,Não concluído,,Não concluído,,Concluído,2024-11-25 19:39:29,Concluído,2024-11-25 19:17:56,Concluído,2024-11-25 19:44:23,Concluído,2024-11-25 19:49:13,Concluído,2024-11-28 09:54:40,Não concluído,,Concluído,2024-12-03 10:37:02,Não concluído,,Não concluído,,Concluído,2024-12-11 13:59:40,Concluído,2024-12-12 21:35:49,Concluído,2024-12-11 13:21:18,Concluído,2024-12-19 13:07:03,Não concluído,,Não concluído,,Não concluído,,Não concluído,,Não concluído,,Não concluído,,Não concluído,,Não concluído,,Não concluído,,Concluído,2025-03-03 16:48:25,Não concluído,,Não concluído,,Não concluído,,Não concluído,,Não concluído,,Não concluído,,Concluído,2025-03-16 18:08:38,Não concluído,,Não concluído,,Não concluído,,Não concluído,
72,d44a0414ac013e7277f55703057b9892,Concluído,2024-11-12 15:36:58,Não concluído,,Não concluído,,Não concluído,,Não concluído,,Não concluído,,Não concluído,,Não concluído,,Não concluído,,Não concluído,,Não concluído,,Não concluído,,Não concluído,,Não concluído,,Não concluído,,Não concluído,,Não concluído,,Não concluído,,Não concluído,,Não concluído,,Não concluído,,Não concluído,,Não concluído,,Não concluído,,Não concluído,,Não concluído,,Não concluído,,Não concluído,,Não concluído,,Não concluído,,Não concluído,,Não concluído,,Concluído,2024-12-11 17:31:58,Não concluído,,Não concluído,,Não concluído,,Concluído,2025-01-20 10:41:22,Não concluído,,Não concluído,,Concluído,2025-02-05 13:51:09,Não concluído,,Não concluído,,Não concluído,,Não concluído,,Não concluído,,Não concluído,,Não concluído,,Não concluído,,Não concluído,,Não concluído,,Não concluído,,Não concluído,,Não concluído,,Não concluído,,Não concluído,,Não concluído,,Não concluído,
73,e2586fa2d545cf9137f2a6040923b237,Não concluído,,Não concluído,,Não concluído,,Não concluído,,Não concluído,,Não concluído,,Não concluído,,Não concluído,,Não concluído,,Não concluído,,Não concluído,,Não concluído,,Não concluído,,Não concluído,,Não concluído,,Não concluído,,Não concluído,,Não concluído,,Não concluído,,Não concluído,,Não concluído,,Não concluído,,Não concluído,,Não concluído,,Não concluído,,Não concluído,,Não concluído,,Não concluído,,Não concluído,,Não concluído,,Não concluído,,Não concluído,,Não concluído,,Não concluído,,Não concluído,,Não concluído,,Não concluído,,Não concluído,,Não concluído,,Não concluído,,Não concluído,,Não concluído,,Não concluído,,Não concluído,,Não concluído,,Não concluído,,Não concluído,,Não concluído,,Não concluído,,Não concluído,,Não concluído,,Não concluído,,Não concluído,,Não concluído,,Não concluído,,Não concluído,,Não concluído,
74,c41f44d7f70d8475acbdcadbaca7e8c9,Não concluído,,Não concluído,,Não concluído,,Não concluído,,Não concluído,,Não concluído,,Não concluído,,Não concluído,,Não concluído,,Não concluído,,Não concluído,,Não concluído,,Não concluído,,Não concluído,,Não concluído,,Não concluído,,Não concluído,,Não concluído,,Não concluído,,Não concluído,,Não concluído,,Não concluído,,Não concluído,,Não concluído,,Não concluído,,Não concluído,,Não concluído,,Não concluído,,Não concluído,,Não concluído,,Não concluído,,Não concluído,,Não concluído,,Não concluído,,Concluído,2024-12-09 09:36:01,Não concluído,,Não concluído,,Não concluído,,Não concluído,,Não concluído,,Não concluído,,Não concluído,,Não concluído,,Não concluído,,Não concluído,,Não concluído,,Não concluído,,Não concluído,,Não concluído,,Não concluído,,Não concluído,,Não concluído,,Não concluído,,Não concluído,,Não concluído,,Não concluído,,Não concluído,
75,266d3bccc5f5343cac682f8d19e2b13f,Não concluído,,Não concluído,,Não concluído,,Não concluído,,Não concluído,,Não concluído,,Não concluído,,Não concluído,,Não concluído,,Não concluído,,Não concluído,,Não concluído,,Não concluído,,Não concluído,,Não concluído,,Não concluído,,Não concluído,,Não concluído,,Não concluído,,Não concluído,,Não concluído,,Não concluído,,Não concluído,,Não concluído,,Não concluído,,Não concluído,,Não concluído,,Não concluído,,Não concluído,,Não concluído,,Não concluído,,Não concluído,,Concluído,2025-01-27 13:26:51,Não concluído,,Não concluído,,Não concluído,,Concluído,2025-01-30 16:14:07,Não concluído,,Não concluído,,Concluído,2025-02-10 16:49:32,Não concluído,,Não concluído,,Não concluído,,Não concluído,,Não concluído,,Não concluído,,Não concluído,,Não concluído,,Não concluído,,Não concluído,,Não concluído,,Não concluído,,Não concluído,,Não concluído,,Não concluído,,Não concluído,,Não concluído,
78,b20323b234db56957e7e8cfd2b41634c,Não concluído,,Não concluído,,Não concluído,,Não concluído,,Não concluído,,Não concluído,,Não concluído,,Não concluído,,Não concluído,,Não concluído,,Não concluído,,Não concluído,,Não concluído,,Não concluído,,Não concluído,,Não concluído,,Não concluído,,Não concluído,,Não concluído,,Não concluído,,Não concluído,,Não concluído,,Não concluído,,Não concluído,,Não concluído,,Não concluído,,Não concluído,,Não concluído,,Não concluído,,Não concluído,,Não concluído,,Não concluído,,Concluído,2024-12-12 15:37:49,Não concluído,,Não concluído,,Não concluído,,Não concluído,,Não concluído,,Não concluído,,Concluído,2025-02-06 11:00:18,Não concluído,,Não concluído,,Não concluído,,Não concluído,,Não concluído,,Não concluído,,Não concluído,,Concluído,2025-03-10 01:47:02,Não concluído,,Não concluído,,Não concluído,,Não concluído,,Não concluído,,Não concluído,,Não concluído,,Não concluído,,Não concluído,
79,052819bca9c2f53d4aacd70d60e8aecf,Não concluído,,Não concluído,,Não concluído,,Não concluído,,Não concluído,,Não concluído,,Não concluído,,Não concluído,,Não concluído,,Não concluído,,Não concluído,,Não concluído,,Não concluído,,Não concluído,2024-12-17 20:18:05,Não concluído,,Não concluído,,Não concluído,,Não concluído,,Não concluído,,Concluído,2024-11-25 21:19:35,Concluído,2024-11-25 21:26:51,Concluído,2024-11-25 21:38:28,Concluído,2024-11-25 21:39:02,Não concluído,,Não concluído,,Não concluído,,Não concluído,,Não concluído,,Não concluído,,Não concluído,,Não concluído,,Concluído,2024-12-16 21:02:47,Concluído,2024-12-16 21:04:04,Não concluído,,Concluído,2024-12-16 21:29:56,Não concluído,,Não concluído,,Não concluído,,Não concluído,,Não concluído,,Não concluído,,Não concluído,,Não concluído,,Não concluído,,Não concluído,,Não concluído,,Não concluído,,Não concluído,,Não concluído,,Não concluído,,Não concluído,,Não concluído,,Não concluído,,Não concluído,,Não concluído,,Não concluído,,Não concluído,
81,e39d6c114d13fb9aadff137f077f9537,Não concluído,,Não concluído,,Não concluído,,Não concluído,,Não concluído,,Não concluído,,Não concluído,,Não concluído,,Não concluído,,Não concluído,,Não concluído,,Não concluído,,Não concluído,,Não concluído,,Não concluído,,Não concluído,,Não concluído,,Não concluído,,Não concluído,,Concluído,2024-11-15 15:00:28,Concluído,2024-11-17 17:56:41,Concluído,2024-11-17 17:56:43,Concluído,2024-11-17 17:56:44,Não concluído,,Não concluído,,Não concluído,,Não concluído,,Não concluído,,Não concluído,,Não concluído,,Não concluído,,Concluído,2024-12-11 20:00:42,Concluído,2024-12-11 19:41:02,Não concluído,,Concluído,2024-12-11 20:01:11,Não concluído,,Não concluído,,Não concluído,,Não concluído,,Não concluído,,Não concluído,,Não concluído,,Não concluído,,Não concluído,,Não concluído,,Não concluído,,Não concluído,,Não concluído,,Não concluído,,Não concluído,,Não concluído,,Não concluído,,Não concluído,,Não concluído,,Não concluído,,Não concluído,,Não concluído,
82,457f67ebcaa87dc3f18f15816541bd9b,Não concluído,2024-11-22 11:06:47,Não concluído,,Não concluído,,Não concluído,,Não concluído,,Não concluído,,Não concluído,,Não concluído,,Não concluído,,Não concluído,,Não concluído,,Não concluído,,Não concluído,,Não concluído,,Não concluído,,Não concluído,,Não concluído,,Não concluído,,Não concluído,,Não concluído,,Não concluído,,Não concluído,,Não concluído,,Não concluído,,Não concluído,,Não concluído,,Não concluído,,Não concluído,,Não concluído,,Não concluído,,Não concluído,,Concluído,2024-12-10 12:05:08,Concluído,2024-12-10 12:06:57,Não concluído,,Concluído,2024-12-10 12:06:25,Não concluído,,Não concluído,,Não concluído,,Não concluído,,Não concluído,,Não concluído,,Não concluído,,Não concluído,,Não concluído,,Não concluído,,Não concluído,,Não concluído,,Não concluído,,Não concluído,,Não concluído,,Não concluído,,Não concluído,,Não concluído,,Não concluído,,Não concluído,,Não concluído,,Não concluído,
83,f4821237b6d297f7c3a16c831bc0276e,Não concluído,,Não concluído,,Não concluído,,Não concluído,,Não concluído,,Não concluído,,Não concluído,,Não concluído,,Não concluído,,Não concluído,,Não concluído,,Não concluído,,Não concluído,,Não concluído,,Não concluído,,Não concluído,,Não concluído,,Não concluído,,Não concluído,,Não concluído,,Não concluído,,Não concluído,,Não concluído,,Não concluído,,Não concluído,,Não concluído,,Não concluído,,Não concluído,,Não concluído,,Não concluído,,Não concluído,,Não concluído,,Concluído,2024-12-10 13:57:09,Não concluído,,Concluído,2025-01-21 19:36:40,Não concluído,,Concluído,2025-02-01 13:35:27,Concluído,2025-01-21 19:36:03,Não concluído,,Concluído,2025-02-04 15:07:10,Não concluído,,Não concluído,,Não concluído,,Não concluído,,Não concluído,,Não concluído,,Não concluído,,Não concluído,,Não concluído,,Não concluído,,Não concluído,,Não concluído,,Não concluído,,Não concluído,,Não concluído,,Não concluído,,Não concluído,
85,3a2d992b430976dc3c53bed1d1f1d5f2,Não concluído,,Não concluído,,Não concluído,,Não concluído,,Não concluído,,Não concluído,,Não concluído,,Não concluído,,Não concluído,,Não concluído,,Não concluído,,Não concluído,,Não concluído,,Não concluído,,Não concluído,,Não concluído,,Não concluído,,Não concluído,,Não concluído,,Não concluído,,Não concluído,,Não concluído,,Não concluído,,Não concluído,,Não concluído,,Não concluído,,Não concluído,,Não concluído,,Não concluído,,Não concluído,,Não concluído,,Não concluído,,Não concluído,,Não concluído,,Não concluído,,Não concluído,,Não concluído,,Não concluído,,Não concluído,,Não concluído,,Não concluído,,Não concluído,,Não concluído,,Não concluído,,Não concluído,,Não concluído,,Não concluído,,Não concluído,,Não concluído,,Não concluído,,Não concluído,,Não concluído,,Não concluído,,Não concluído,,Não concluído,,Não concluído,,Não concluído,
87,cbcf60fbe94690e73e8e60daefb62e34,Não concluído,,Não concluído,,Não concluído,,Não concluído,,Não concluído,,Não concluído,,Não concluído,,Não concluído,,Não concluído,,Não concluído,,Não concluído,,Não concluído,,Não concluído,,Não concluído,,Não concluído,,Não concluído,,Não concluído,,Não concluído,,Não concluído,,Não concluído,,Não concluído,,Não concluído,,Não concluído,,Não concluído,,Não concluído,,Não concluído,,Não concluído,,Não concluído,,Não concluído,,Não concluído,,Não concluído,,Não concluído,,Não concluído,,Não concluído,,Não concluído,,Não concluído,,Não concluído,,Não concluído,,Não concluído,,Não concluído,,Não concluído,,Não concluído,,Não concluído,,Não concluído,,Não concluído,,Não concluído,,Não concluído,,Não concluído,,Não concluído,,Não concluído,,Não concluído,,Não concluído,,Não concluído,,Não concluído,,Não concluído,,Não concluído,,Não concluído,
88,da11bfd131dba4b2cfaf266d57bc7ed0,Não concluído,,Não concluído,,Não concluído,,Não concluído,,Não concluído,,Não concluído,,Não concluído,,Não concluído,,Não concluído,,Não concluído,,Não concluído,,Não concluído,,Não concluído,,Não concluído,,Não concluído,,Não concluído,,Não concluído,,Não concluído,,Não concluído,,Não concluído,,Não concluído,,Não concluído,,Não concluído,,Não concluído,,Não concluído,,Não concluído,,Não concluído,,Não concluído,,Não concluído,,Não concluído,,Não concluído,,Concluído,2024-12-12 07:17:57,Concluído,2024-12-10 15:24:26,Concluído,2024-12-13 15:51:09,Concluído,2024-12-13 15:51:11,Concluído,2025-01-02 17:05:20,Não concluído,,Concluído,2025-01-02 17:05:22,Não concluído,,Não concluído,,Concluído,2025-02-10 13:05:02,Não concluído,,Não concluído,,Não concluído,,Não concluído,,Não concluído,,Não concluído,,Não concluído,,Não concluído,,Não concluído,,Não concluído,,Não concluído,,Não concluído,,Não concluído,,Não concluído,,Não concluído,,Não concluído,
89,a6a860a9902b28ba9007c34d306b75a7,Não concluído,,Não concluído,,Não concluído,,Não concluído,,Não concluído,,Não concluído,,Não concluído,,Não concluído,,Não concluído,,Não concluído,,Não concluído,,Não concluído,,Não concluído,,Não concluído,,Não concluído,,Não concluído,,Não concluído,,Não concluído,,Não concluído,,Não concluído,,Não concluído,,Não concluído,,Não concluído,,Não concluído,,Não concluído,,Não concluído,,Não concluído,,Não concluído,,Não concluído,,Não concluído,,Não concluído,,Concluído,2024-12-10 11:18:53,Concluído,2024-12-12 11:31:07,Concluído,2024-12-12 15:26:52,Concluído,2024-12-12 16:01:18,Concluído,2024-12-16 09:17:45,Concluído,2025-01-27 08:17:04,Concluído,2025-01-27 09:04:52,Não concluído,,Não concluído,,Não concluído,,Não concluído,,Não concluído,,Não concluído,,Não concluído,,Não concluído,,Não concluído,,Não concluído,,Não concluído,,Não concluído,,Não concluído,,Não concluído,,Não concluído,,Não concluído,,Não concluído,,Não concluído,,Não concluído,
90,855f7c3e3ceed183001bf3ca81f5834e,Não concluído,,Não concluído,,Não concluído,,Não concluído,,Não concluído,,Não concluído,,Não concluído,,Não concluído,,Não concluído,,Não concluído,,Não concluído,,Não concluído,,Não concluído,,Não concluído,,Não concluído,,Não concluído,,Não concluído,,Não concluído,,Não concluído,,Concluído,2024-11-26 14:15:23,Concluído,2024-11-26 14:15:23,Concluído,2024-11-26 14:15:21,Concluído,2024-11-19 18:09:48,Concluído,2024-11-26 14:15:19,Concluído,2024-11-26 14:15:19,Concluído,2024-11-26 14:15:20,Concluído,2024-11-26 14:15:36,Não concluído,,Não concluído,,Não concluído,,Não concluído,,Concluído,2024-12-10 17:10:40,Concluído,2024-12-09 12:28:44,Não concluído,,Concluído,2024-12-09 12:28:33,Não concluído,,Concluído,2025-01-30 19:31:51,Concluído,2025-03-28 22:04:44,Não concluído,,Concluído,2025-02-07 16:28:47,Não concluído,,Não concluído,,Não concluído,,Não concluído,,Não concluído,,Não concluído,,Não concluído,,Concluído,2025-03-29 08:54:20,Não concluído,,Não concluído,,Não concluído,,Não concluído,,Concluído,2025-03-29 08:54:19,Não concluído,,Não concluído,,Não concluído,,Não concluído,
91,b6ba397932fff0e953e940d417cd99e2,Não concluído,,Concluído,2024-11-25 22:09:23,Concluído,2024-11-25 22:09:23,Concluído,2024-11-25 22:09:24,Não concluído,,Concluído,2024-11-25 22:09:25,Concluído,2024-11-25 22:09:25,Concluído,2024-11-25 22:09:26,Concluído,2024-11-25 22:09:27,Concluído,2024-11-25 22:09:27,Concluído,2024-11-25 22:09:28,Concluído,2024-11-25 22:09:28,Concluído,2024-11-24 18:00:04,Concluído,2024-11-24 18:00:05,Não concluído,,Não concluído,,Concluído,2024-11-24 18:00:06,Concluído,2024-11-24 18:00:08,Não concluído,,Não concluído,,Não concluído,,Não concluído,,Não concluído,,Não concluído,,Não concluído,,Não concluído,,Não concluído,,Não concluído,,Não concluído,,Não concluído,,Não concluído,,Concluído,2024-12-12 10:40:17,Concluído,2024-12-12 10:40:15,Concluído,2024-12-13 16:41:47,Concluído,2024-12-12 10:42:03,Concluído,2024-12-16 21:34:07,Concluído,2024-12-16 21:34:11,Concluído,2024-12-16 21:34:08,Concluído,2025-02-03 17:57:19,Concluído,2025-02-03 17:58:09,Concluído,2025-02-03 17:57:36,Concluído,2025-03-07 18:19:27,Concluído,2025-03-07 18:19:27,Concluído,2025-03-07 18:19:28,Concluído,2025-03-07 18:19:29,Não concluído,,Concluído,2025-03-07 18:22:48,Concluído,2025-03-07 18:22:49,Concluído,2025-03-07 18:22:50,Concluído,2025-03-07 18:22:51,Concluído,2025-03-20 13:48:28,Concluído,2025-03-20 13:49:17,Concluído,2025-03-20 13:50:41,Concluído,2025-03-20 13:51:06,Não concluído,,Não concluído,,Não concluído,
93,8e1a4321c5ae017e199b595daa42d67b,Concluído,2024-11-20 16:33:48,Concluído,2024-11-20 16:29:13,Concluído,2024-11-20 16:29:18,Concluído,2024-11-20 16:30:33,Não concluído,,Concluído,2024-11-20 16:30:34,Concluído,2025-02-12 20:58:33,Concluído,2024-11-20 16:30:50,Concluído,2024-11-20 16:31:11,Concluído,2024-11-20 16:31:15,Concluído,2024-11-20 16:32:23,Concluído,2024-11-20 16:32:27,Concluído,2024-11-20 16:32:30,Concluído,2024-11-20 16:32:55,Concluído,2025-03-28 21:56:59,Concluído,2025-03-28 21:57:00,Concluído,2024-11-20 16:33:27,Concluído,2024-11-20 16:33:29,Concluído,2024-11-28 16:06:53,Concluído,2024-11-20 16:33:40,Concluído,2024-11-20 16:33:41,Concluído,2024-11-20 16:33:42,Concluído,2024-11-20 16:33:42,Concluído,2024-11-20 16:33:43,Concluído,2024-11-20 16:33:44,Concluído,2024-11-20 16:33:45,Concluído,2024-11-20 16:33:45,Concluído,2025-02-12 20:58:41,Concluído,2025-02-12 20:58:42,Concluído,2025-02-12 20:58:42,Concluído,2025-02-12 20:58:43,Concluído,2024-12-12 15:55:03,Concluído,2024-12-10 18:47:11,Concluído,2025-02-12 20:58:45,Concluído,2024-12-10 18:53:44,Concluído,2024-12-19 15:25:26,Concluído,2025-02-12 20:58:59,Concluído,2025-02-12 20:59:03,Concluído,2025-02-12 20:59:08,Concluído,2025-02-12 20:59:10,Concluído,2025-02-12 20:59:15,Concluído,2025-02-12 20:58:53,Concluído,2025-02-12 20:58:53,Concluído,2025-02-12 20:58:54,Concluído,2025-02-12 20:58:54,Concluído,2025-03-28 21:56:51,Concluído,2025-02-27 15:29:31,Concluído,2025-03-28 21:56:48,Concluído,2025-03-28 21:56:49,Concluído,2025-03-28 21:56:49,Concluído,2025-03-28 21:56:50,Concluído,2025-03-28 21:56:50,Concluído,2025-03-28 21:56:50,Concluído,2025-03-28 21:56:51,Não concluído,,Não concluído,,Não concluído,
94,efeeff47666bf57925197b703147ecdb,Não concluído,,Não concluído,,Não concluído,,Não concluído,,Não concluído,,Não concluído,,Não concluído,,Não concluído,,Não concluído,,Não concluído,,Não concluído,,Não concluído,,Concluído,2024-11-24 18:40:45,Concluído,2024-11-24 18:40:41,Não concluído,,Não concluído,,Não concluído,,Não concluído,,Não concluído,,Não concluído,,Não concluído,,Não concluído,,Não concluído,,Não concluído,,Não concluído,,Não concluído,,Não concluído,,Não concluído,,Não concluído,,Não concluído,,Não concluído,,Não concluído,,Concluído,2024-12-11 22:57:13,Concluído,2024-12-12 10:15:15,Não concluído,,Não concluído,,Não concluído,,Concluído,2025-01-10 23:17:45,Não concluído,,Não concluído,,Não concluído,,Não concluído,,Não concluído,,Não concluído,,Não concluído,,Não concluído,,Não concluído,,Não concluído,,Não concluído,,Não concluído,,Não concluído,,Não concluído,,Não concluído,,Não concluído,,Não concluído,,Não concluído,,Não concluído,
95,4df8dba9c655186ad3aa6ee2431d944d,Concluído,2024-11-13 18:48:45,Concluído,2024-11-13 18:13:58,Concluído,2024-11-13 18:14:16,Concluído,2025-02-20 13:13:26,Não concluído,,Concluído,2025-02-20 13:13:27,Concluído,2025-02-20 13:13:27,Concluído,2025-02-20 13:13:28,Concluído,2025-02-20 13:13:29,Concluído,2025-02-20 13:13:30,Concluído,2025-02-20 13:13:30,Concluído,2025-02-20 13:13:31,Concluído,2024-12-16 20:08:37,Concluído,2024-11-13 18:13:32,Não concluído,,Não concluído,,Concluído,2024-12-16 20:08:39,Concluído,2024-12-16 20:08:41,Concluído,2024-12-16 20:08:31,Concluído,2024-11-21 14:16:32,Concluído,2024-11-21 14:16:34,Concluído,2024-11-21 14:16:35,Concluído,2024-11-21 14:16:38,Concluído,2024-11-27 10:57:09,Concluído,2024-11-27 10:57:09,Concluído,2024-11-27 10:57:10,Concluído,2024-11-27 10:57:11,Concluído,2024-12-16 18:50:47,Concluído,2024-12-16 18:50:48,Concluído,2024-12-16 18:50:50,Concluído,2024-12-16 18:50:50,Concluído,2024-12-16 18:51:03,Concluído,2024-12-16 18:51:02,Não concluído,,Não concluído,,Não concluído,,Concluído,2025-01-31 20:47:10,Não concluído,,Não concluído,,Não concluído,,Não concluído,,Não concluído,,Não concluído,,Não concluído,,Não concluído,,Não concluído,,Não concluído,,Não concluído,,Não concluído,,Não concluído,,Não concluído,,Não concluído,,Não concluído,,Não concluído,,Não concluído,,Não concluído,,Não concluído,
96,51e24445c9a11304892c7a2abf53e31c,Não concluído,,Não concluído,,Não concluído,,Não concluído,,Não concluído,,Não concluído,,Não concluído,,Não concluído,,Não concluído,,Não concluído,,Não concluído,,Não concluído,,Não concluído,,Não concluído,,Não concluído,,Não concluído,,Não concluído,,Não concluído,,Não concluído,,Não concluído,,Não concluído,,Não concluído,,Não concluído,,Não concluído,,Não concluído,,Não concluído,,Não concluído,,Não concluído,,Não concluído,,Não concluído,,Não concluído,,Concluído,2025-01-30 16:18:22,Não concluído,,Não concluído,,Concluído,2025-01-30 16:14:04,Concluído,2025-02-21 20:31:40,Não concluído,,Concluído,2025-02-21 20:23:51,Concluído,2025-02-21 20:31:02,Não concluído,,Não concluído,,Não concluído,,Não concluído,,Não concluído,,Não concluído,,Não concluído,,Não concluído,,Não concluído,,Não concluído,,Não concluído,,Não concluído,,Não concluído,,Não concluído,,Não concluído,,Não concluído,,Não concluído,,Não concluído,
97,ecdcdbade721c4bc6246c075bb9ae73b,Não concluído,,Não concluído,,Não concluído,,Concluído,2025-03-13 09:15:34,Não concluído,,Não concluído,,Não concluído,,Não concluído,,Não concluído,,Não concluído,,Não concluído,,Não concluído,,Não concluído,,Não concluído,,Não concluído,,Não concluído,,Não concluído,,Não concluído,,Não concluído,,Não concluído,,Não concluído,,Não concluído,,Não concluído,,Não concluído,,Não concluído,,Não concluído,,Não concluído,,Não concluído,,Não concluído,,Não concluído,,Não concluído,,Não concluído,,Concluído,2025-01-31 16:57:39,Não concluído,,Não concluído,,Não concluído,,Não concluído,,Não concluído,,Não concluído,,Não concluído,,Não concluído,,Não concluído,,Não concluído,,Não concluído,,Não concluído,,Não concluído,,Não concluído,,Não concluído,,Não concluído,,Não concluído,,Não concluído,,Não concluído,,Não concluído,,Não concluído,,Não concluído,,Não concluído,,Não concluído,
98,4466d807becfb51d3a84d0e30cd012fa,Não concluído,,Não concluído,,Não concluído,,Não concluído,,Não concluído,,Não concluído,,Não concluído,,Não concluído,,Não concluído,,Não concluído,,Não concluído,,Não concluído,,Não concluído,,Não concluído,,Não concluído,,Não concluído,,Não concluído,,Não concluído,,Não concluído,,Não concluído,,Não concluído,,Não concluído,,Não concluído,,Não concluído,,Não concluído,,Não concluído,,Não concluído,,Não concluído,,Não concluído,,Não concluído,,Não concluído,,Não concluído,,Não concluído,,Não concluído,,Não concluído,,Não concluído,,Não concluído,,Não concluído,,Não concluído,,Não concluído,,Não concluído,,Não concluído,,Não concluído,,Não concluído,,Não concluído,,Não concluído,,Não concluído,,Não concluído,,Não concluído,,Não concluído,,Não concluído,,Não concluído,,Não concluído,,Não concluído,,Não concluído,,Não concluído,,Não concluído,
99,eb65b2a1007addba0c618445f4aa5375,Não concluído,,Não concluído,,Não concluído,,Não concluído,,Não concluído,,Não concluído,,Não concluído,,Não concluído,,Não concluído,,Não concluído,,Não concluído,,Não concluído,,Não concluído,,Não concluído,,Não concluído,,Não concluído,,Não concluído,,Não concluído,,Não concluído,,Não concluído,,Não concluído,,Não concluído,,Não concluído,,Não concluído,,Não concluído,,Não concluído,,Não concluído,,Não concluído,,Não concluído,,Não concluído,,Não concluído,,Não concluído,,Concluído,2024-12-11 18:24:47,Não concluído,,Concluído,2025-01-31 21:05:55,Não concluído,,Não concluído,,Não concluído,,Concluído,2025-02-06 16:13:20,Não concluído,,Não concluído,,Não concluído,,Não concluído,,Não concluído,,Não concluído,,Não concluído,,Não concluído,,Não concluído,,Não concluído,,Não concluído,,Não concluído,,Não concluído,,Não concluído,,Não concluído,,Não concluído,,Não concluído,,Não concluído,
100,fb44a1909303ed9f47c402531e17d0f5,Não concluído,,Não concluído,,Não concluído,,Não concluído,,Não concluído,,Não concluído,,Não concluído,,Não concluído,,Não concluído,,Não concluído,,Não concluído,,Não concluído,,Não concluído,,Não concluído,,Não concluído,,Não concluído,,Não concluído,,Não concluído,,Não concluído,,Não concluído,,Não concluído,,Não concluído,,Não concluído,,Não concluído,,Não concluído,,Não concluído,,Não concluído,,Não concluído,,Não concluído,,Não concluído,,Não concluído,,Concluído,2024-12-11 19:11:25,Concluído,2024-12-11 19:11:23,Não concluído,,Concluído,2024-12-11 19:11:19,Concluído,2025-02-04 15:25:53,Concluído,2025-02-04 15:25:54,Concluído,2025-02-04 15:25:56,Concluído,2025-02-04 15:25:58,Concluído,2025-02-04 15:25:59,Concluído,2025-02-04 15:26:00,Não concluído,,Não concluído,,Não concluído,,Não concluído,,Não concluído,,Não concluído,,Não concluído,,Não concluído,,Não concluído,,Não concluído,,Não concluído,,Não concluído,,Não concluído,,Não concluído,,Não concluído,,Não concluído,
101,e7bdeffcd4f6b9b543909b9ac27825c7,Concluído,2024-12-18 09:14:08,Concluído,2024-12-18 09:14:06,Concluído,2024-12-18 09:14:07,Concluído,2024-12-18 09:14:10,Concluído,2025-04-13 08:51:55,Concluído,2024-12-18 09:14:12,Concluído,2024-12-18 09:14:15,Concluído,2024-12-18 09:14:17,Concluído,2024-12-18 09:14:18,Concluído,2024-12-18 09:14:20,Concluído,2024-12-18 09:14:21,Concluído,2024-12-18 09:14:22,Concluído,2024-12-04 16:41:26,Concluído,2024-12-04 16:41:28,Concluído,2025-03-08 21:01:29,Concluído,2025-03-08 21:01:30,Concluído,2024-12-04 16:41:29,Concluído,2024-12-18 09:14:53,Concluído,2024-12-04 16:41:22,Concluído,2024-11-14 13:35:06,Concluído,2024-11-14 13:35:09,Concluído,2024-11-14 13:35:35,Concluído,2024-11-14 13:35:54,Concluído,2024-11-14 18:17:05,Concluído,2024-11-14 18:17:12,Concluído,2024-11-19 16:59:27,Concluído,2024-11-18 13:22:15,Concluído,2024-11-26 17:02:20,Concluído,2024-11-26 13:28:46,Concluído,2024-11-26 17:02:20,Concluído,2024-12-04 16:41:13,Concluído,2024-12-06 16:48:41,Concluído,2024-12-06 16:56:12,Concluído,2024-12-12 13:34:02,Concluído,2024-12-06 16:48:11,Concluído,2024-12-16 18:13:10,Concluído,2024-12-16 17:41:29,Concluído,2024-12-16 18:13:12,Concluído,2025-02-04 21:06:37,Concluído,2025-02-04 21:08:31,Concluído,2025-02-04 21:09:49,Concluído,2025-02-11 14:32:24,Concluído,2025-02-11 14:32:31,Concluído,2025-02-11 14:32:32,Concluído,2025-02-11 14:32:33,Concluído,2025-02-27 10:24:35,Concluído,2025-02-27 10:24:36,Concluído,2025-02-27 10:24:37,Concluído,2025-02-27 10:24:37,Concluído,2025-02-27 10:24:38,Concluído,2025-03-11 15:26:39,Concluído,2025-03-11 15:26:40,Concluído,2025-03-11 15:26:42,Concluído,2025-03-31 16:09:31,Concluído,2025-04-03 21:09:55,Concluído,2025-04-03 21:09:56,Concluído,2025-04-03 21:09:56
102,77483b77880073df98af468feb2389be,Não concluído,,Não concluído,,Não concluído,,Não concluído,,Não concluído,,Não concluído,,Não concluído,,Não concluído,,Não concluído,,Não concluído,,Não concluído,,Não concluído,,Não concluído,,Não concluído,,Não concluído,,Não concluído,,Não concluído,,Não concluído,,Não concluído,,Não concluído,,Não concluído,,Não concluído,,Não concluído,,Não concluído,,Não concluído,,Não concluído,,Não concluído,,Não concluído,,Não concluído,,Não concluído,,Não concluído,,Não concluído,,Concluído,2025-04-04 21:07:02,Não concluído,,Não concluído,,Não concluído,,Concluído,2025-03-28 21:13:47,Não concluído,,Não concluído,,Concluído,2025-03-28 23:02:07,Não concluído,,Não concluído,,Não concluído,,Não concluído,,Não concluído,,Não concluído,,Não concluído,,Não concluído,,Não concluído,,Não concluído,,Não concluído,,Não concluído,,Não concluído,,Não concluído,,Não concluído,,Não concluído,,Não concluído,
