,id_anonimo,Site da Disciplina,Unnamed: 3,Plano de Ensino,Unnamed: 5,Livro Texto,Unnamed: 7,Thonny,Unnamed: 9,OpCoders - Corretor Automático,Unnamed: 11,Frequência,Unnamed: 13,Notas,Unnamed: 15,Jogo em Python,Unnamed: 17,Corretor Automático - Prática 2_3,Unnamed: 19,Questões,Unnamed: 21,Respostas,Unnamed: 23,Exercícios,Unnamed: 25,Respostas.1,Unnamed: 27,Entrega exercicios,Unnamed: 29,Simulado,Unnamed: 31,Solução Ex 3,Unnamed: 33
0,2ba5f5c185e51fa64dc8017d6c9e99ea,Concluído,2024-11-25 10:02:48,Concluído,2024-11-25 10:02:49,Concluído,2024-11-25 10:02:50,Concluído,2024-11-25 10:02:50,Concluído,2024-11-25 10:02:52,Concluído,2024-11-25 10:06:49,Não concluído,,Concluído,2024-11-25 10:09:47,Não concluído,,Não concluído,,Não concluído,,Não concluído,,Não concluído,,Não concluído,,Não concluído,,Não concluído,
1,8d288e2de573baf70ac62d62c1ea8ffc,Não concluído,,Não concluído,,Não concluído,,Não concluído,,Não concluído,,Não concluído,,Não concluído,,Não concluído,,Não concluído,,Não concluído,,Não concluído,,Não concluído,,Não concluído,,Não concluído,,Não concluído,,Não concluído,
2,b8e754b08b836eed515bce9100640801,Não concluído,,Não concluído,,Não concluído,,Não concluído,,Não concluído,,Não concluído,,Não concluído,,Não concluído,2024-11-11 16:08:46,Não concluído,,Não concluído,,Não concluído,,Não concluído,,Não concluído,,Concluído,2025-03-27 10:17:48,Não concluído,,Não concluído,
3,80fdaea34a8d7b89f41608aa714f15fa,Concluído,2025-04-10 20:37:19,Concluído,2025-04-10 20:37:21,Não concluído,2025-02-19 13:47:15,Não concluído,2025-02-19 13:47:14,Não concluído,2025-02-19 13:47:13,Não concluído,2024-12-02 14:14:10,Não concluído,2025-01-24 13:41:08,Não concluído,,Não concluído,,Não concluído,,Não concluído,2025-03-10 17:40:42,Não concluído,,Não concluído,,Concluído,2025-03-10 17:01:04,Não concluído,,Não concluído,
4,49db1de9211d1eb0bdee131bafca31b3,Não concluído,,Não concluído,,Não concluído,,Não concluído,,Não concluído,,Não concluído,,Concluído,2025-03-29 12:31:23,Não concluído,,Não concluído,,Não concluído,,Não concluído,,Não concluído,,Não concluído,,Não concluído,,Não concluído,,Não concluído,
5,ed5cd5b0340c48d6daaa3477ad413f34,Concluído,2025-03-10 15:42:37,Concluído,2025-03-10 15:42:34,Concluído,2025-03-10 15:42:32,Concluído,2025-03-10 15:42:31,Concluído,2025-03-10 15:42:30,Concluído,2025-02-17 09:46:23,Concluído,2025-03-10 15:42:28,Não concluído,,Não concluído,,Concluído,2025-03-31 16:17:58,Concluído,2025-03-31 16:17:58,Concluído,2025-03-10 15:42:59,Não concluído,,Não concluído,,Não concluído,,Não concluído,
6,acb6a16ca67bdc55ef4664c29399ff56,Não concluído,,Não concluído,,Não concluído,,Não concluído,,Não concluído,,Não concluído,,Não concluído,,Não concluído,,Não concluído,,Não concluído,,Não concluído,,Não concluído,,Não concluído,,Não concluído,,Não concluído,,Não concluído,
7,39cfa0071fd2f370f9fd2235d9c4c9d5,Não concluído,,Não concluído,2025-02-20 00:56:30,Não concluído,,Não concluído,,Não concluído,,Não concluído,,Não concluído,,Não concluído,,Não concluído,,Não concluído,,Não concluído,,Não concluído,,Não concluído,,Concluído,2025-03-10 17:05:04,Não concluído,,Não concluído,
8,8a0b287b4e8bac13a82d3772bbdc31eb,Não concluído,,Não concluído,,Não concluído,,Não concluído,,Não concluído,,Não concluído,,Concluído,2025-03-12 15:38:19,Não concluído,2024-11-11 16:22:49,Não concluído,,Não concluído,,Não concluído,,Não concluído,,Não concluído,,Não concluído,,Não concluído,,Não concluído,
9,44c763a48cf4f7b7e9f3343e0d1cca08,Concluído,2024-11-14 14:16:05,Concluído,2024-11-13 15:01:16,Concluído,2024-11-14 14:18:00,Não concluído,,Não concluído,,Não concluído,,Não concluído,,Não concluído,,Não concluído,,Não concluído,,Não concluído,,Não concluído,2025-03-12 13:21:27,Não concluído,,Concluído,2025-03-10 17:09:19,Não concluído,,Não concluído,
10,18023f6733e5cf8a41ddc972fe99a944,Não concluído,,Não concluído,,Não concluído,,Não concluído,,Não concluído,,Não concluído,,Não concluído,,Não concluído,,Não concluído,,Não concluído,,Não concluído,,Não concluído,,Não concluído,,Concluído,2025-03-10 17:04:40,Não concluído,,Não concluído,
11,6de97f9bded1ffe4fc834504a40be81a,Concluído,2024-11-13 14:15:03,Concluído,2024-11-13 14:15:26,Concluído,2025-01-14 15:13:04,Concluído,2025-01-14 15:13:06,Concluído,2025-01-14 15:13:07,Não concluído,,Não concluído,,Concluído,2024-11-15 12:14:44,Concluído,2024-12-06 22:37:33,Não concluído,,Não concluído,,Não concluído,,Não concluído,,Não concluído,,Não concluído,,Não concluído,
12,7204bcdfe2fde9360bffe9f34dcb76be,Não concluído,,Não concluído,,Não concluído,,Não concluído,,Não concluído,,Não concluído,,Não concluído,,Não concluído,,Não concluído,,Não concluído,,Não concluído,,Não concluído,,Não concluído,,Não concluído,,Não concluído,,Não concluído,
13,9e6abd3fb1905a6947b32b6b62dda057,Não concluído,,Não concluído,,Não concluído,,Não concluído,,Não concluído,,Não concluído,,Não concluído,,Não concluído,,Não concluído,,Não concluído,,Não concluído,,Não concluído,,Não concluído,,Não concluído,,Não concluído,,Não concluído,
14,a69db7d6e24e5ea8ef115bb6622b0d58,Não concluído,,Não concluído,,Não concluído,,Concluído,2025-02-20 20:04:51,Não concluído,,Concluído,2025-04-08 16:35:44,Não concluído,,Concluído,2025-01-29 13:41:47,Concluído,2025-01-29 13:41:48,Não concluído,,Não concluído,,Não concluído,,Não concluído,,Não concluído,,Não concluído,,Não concluído,
15,197e781e9efaab3a7d8af603036af417,Não concluído,,Não concluído,,Não concluído,,Não concluído,,Não concluído,,Não concluído,,Não concluído,,Não concluído,,Não concluído,,Não concluído,,Não concluído,,Não concluído,,Não concluído,,Concluído,2025-03-10 17:04:49,Não concluído,,Não concluído,
16,a71dfa36e9a7e6cc30db0b3c4b31a9da,Não concluído,,Não concluído,,Não concluído,,Não concluído,,Não concluído,,Não concluído,,Não concluído,,Não concluído,,Não concluído,,Não concluído,,Não concluído,,Não concluído,,Não concluído,,Não concluído,,Não concluído,,Não concluído,
17,c19404d610d1c1ac7fd84de5a6b5b9dc,Não concluído,,Não concluído,,Não concluído,,Não concluído,,Não concluído,,Não concluído,,Não concluído,,Não concluído,,Não concluído,,Não concluído,,Não concluído,,Não concluído,,Não concluído,,Não concluído,,Não concluído,,Não concluído,
18,f4b6adfb819cc2305efe9198c0fd4501,Não concluído,,Não concluído,,Não concluído,,Concluído,2024-11-22 10:13:33,Não concluído,,Não concluído,,Não concluído,,Não concluído,,Não concluído,,Não concluído,,Não concluído,,Não concluído,,Não concluído,,Concluído,2025-03-10 17:08:13,Não concluído,,Não concluído,
20,3d25f87e52aec186e3ae97fce82679b6,Não concluído,,Não concluído,,Não concluído,,Não concluído,,Não concluído,,Não concluído,,Não concluído,,Não concluído,,Não concluído,,Não concluído,,Não concluído,,Não concluído,,Não concluído,,Não concluído,,Não concluído,,Não concluído,
21,10d4baa977d8c88fd443b0b95db24244,Não concluído,,Não concluído,,Não concluído,,Não concluído,,Não concluído,,Não concluído,,Não concluído,,Não concluído,,Não concluído,,Não concluído,,Não concluído,,Concluído,2025-03-10 16:51:48,Não concluído,,Concluído,2025-03-10 16:53:52,Não concluído,,Não concluído,
23,7253483e7967b88d094a9a280c44a2de,Concluído,2024-11-18 15:34:51,Concluído,2024-11-18 15:34:51,Concluído,2024-11-18 15:34:58,Concluído,2024-11-18 15:34:58,Concluído,2024-11-18 15:34:59,Concluído,2024-11-18 15:35:03,Concluído,2024-11-18 15:35:04,Não concluído,,Não concluído,,Não concluído,,Não concluído,,Não concluído,,Não concluído,,Concluído,2025-03-10 16:58:01,Não concluído,,Não concluído,
24,80b480f2b3d9d36a0e8ece613aa5c570,Não concluído,,Não concluído,,Não concluído,,Não concluído,,Não concluído,,Não concluído,,Não concluído,,Não concluído,,Não concluído,,Não concluído,,Não concluído,,Não concluído,,Não concluído,,Concluído,2025-03-10 16:53:39,Não concluído,,Não concluído,
25,c0d552823a2f4c2136419e3d1dcdfadd,Não concluído,,Não concluído,,Não concluído,,Não concluído,,Não concluído,,Não concluído,,Não concluído,,Não concluído,,Não concluído,,Não concluído,,Não concluído,,Não concluído,,Não concluído,,Não concluído,,Não concluído,,Não concluído,
26,91a8d7321f883bcdd5e6ef9cc31ba3db,Não concluído,,Não concluído,,Não concluído,,Não concluído,,Não concluído,,Não concluído,,Não concluído,,Não concluído,,Não concluído,,Não concluído,,Não concluído,,Não concluído,,Não concluído,,Não concluído,,Não concluído,,Não concluído,
27,d7f9375b319ab15a46f619eccdaaa02a,Concluído,2024-11-25 01:48:22,Concluído,2024-11-25 01:48:23,Concluído,2024-11-25 01:48:29,Concluído,2024-11-25 01:48:30,Concluído,2024-11-25 01:48:31,Concluído,2024-11-25 01:48:31,Concluído,2024-11-25 01:48:33,Concluído,2024-11-20 18:42:32,Concluído,2024-11-20 18:43:08,Concluído,2025-02-12 15:27:29,Concluído,2025-02-12 15:27:30,Não concluído,,Não concluído,,Não concluído,,Não concluído,,Não concluído,
28,4cbf0b35a4e8cc0863ff1dc67c13449c,Concluído,2024-11-12 18:03:19,Concluído,2024-11-12 18:03:21,Concluído,2024-11-12 18:03:22,Concluído,2024-11-12 18:03:23,Concluído,2024-11-18 18:42:04,Concluído,2024-11-18 18:42:05,Concluído,2024-11-18 18:42:06,Concluído,2024-11-18 17:23:12,Concluído,2024-11-18 18:42:10,Não concluído,,Não concluído,,Não concluído,,Não concluído,,Concluído,2025-03-10 16:54:14,Não concluído,,Não concluído,
30,87b2a1a047bba714fbd4c4e4ab39a2a9,Não concluído,,Não concluído,,Não concluído,,Não concluído,,Não concluído,,Não concluído,,Não concluído,,Não concluído,,Não concluído,,Não concluído,,Não concluído,,Não concluído,,Não concluído,,Não concluído,,Não concluído,,Não concluído,
32,c829f7bdfb5a04db470c9fcf3254316c,Não concluído,2024-11-11 14:35:50,Não concluído,2024-11-13 13:50:49,Não concluído,,Não concluído,,Não concluído,,Não concluído,2025-01-27 15:23:16,Não concluído,2025-02-04 15:31:52,Não concluído,,Não concluído,,Não concluído,,Não concluído,,Não concluído,,Não concluído,,Não concluído,,Não concluído,,Não concluído,
33,ec6ba9120586581d5b5dc6516294531d,Não concluído,,Não concluído,,Não concluído,,Não concluído,,Não concluído,,Não concluído,,Não concluído,,Não concluído,,Não concluído,,Não concluído,,Não concluído,,Não concluído,,Não concluído,,Não concluído,,Não concluído,,Não concluído,
34,d064bb60fb92bb750ecce1dfe51524c0,Não concluído,,Não concluído,,Não concluído,,Não concluído,,Não concluído,,Não concluído,,Não concluído,,Não concluído,,Não concluído,,Não concluído,,Não concluído,,Não concluído,,Não concluído,,Não concluído,,Não concluído,,Não concluído,
36,958ac5e05cee1bfb18dc6352edc6a6db,Não concluído,,Não concluído,,Não concluído,,Não concluído,,Não concluído,,Não concluído,,Não concluído,,Não concluído,,Não concluído,,Não concluído,,Não concluído,,Não concluído,,Não concluído,,Não concluído,,Não concluído,,Não concluído,
37,489b37a4ebc74e0bff6e452c47bcfae0,Não concluído,,Não concluído,,Não concluído,,Não concluído,,Não concluído,,Não concluído,,Não concluído,,Não concluído,,Não concluído,,Não concluído,,Não concluído,,Não concluído,,Não concluído,,Concluído,2025-03-10 17:11:34,Não concluído,,Não concluído,
38,6dbd99bdb66fedb6967b21771722412c,Não concluído,,Não concluído,,Não concluído,,Não concluído,,Não concluído,,Não concluído,,Não concluído,,Não concluído,,Não concluído,,Não concluído,,Não concluído,,Não concluído,,Não concluído,,Não concluído,,Não concluído,,Não concluído,
39,b107f22e74e4a1fb20b258a414b68221,Não concluído,,Não concluído,,Não concluído,,Não concluído,,Não concluído,,Não concluído,,Não concluído,,Não concluído,,Não concluído,,Não concluído,,Não concluído,,Não concluído,,Não concluído,,Concluído,2025-03-10 16:58:24,Não concluído,,Não concluído,
40,88285ba5ac94eee8305e30fde78baad3,Concluído,2025-01-29 08:26:18,Concluído,2024-11-25 18:58:38,Não concluído,,Não concluído,,Não concluído,,Não concluído,,Não concluído,,Não concluído,,Não concluído,,Não concluído,,Não concluído,,Não concluído,,Não concluído,,Não concluído,,Não concluído,,Não concluído,
41,24f15bb9ec8674610a5bafde6b0ef150,Não concluído,,Não concluído,,Não concluído,,Não concluído,,Não concluído,,Não concluído,,Não concluído,,Não concluído,,Não concluído,,Concluído,2025-02-12 05:04:32,Concluído,2025-02-12 05:04:32,Não concluído,,Não concluído,,Não concluído,,Não concluído,,Não concluído,
42,0b4f0925a5c2de8e7a8c3100a3c55410,Concluído,2024-11-26 14:23:02,Concluído,2024-11-26 14:23:03,Concluído,2024-11-26 14:23:03,Concluído,2024-11-26 14:23:04,Concluído,2024-11-26 14:23:04,Concluído,2024-11-26 14:23:05,Concluído,2024-11-26 14:23:07,Concluído,2024-11-26 14:23:12,Concluído,2024-11-26 14:23:18,Não concluído,,Não concluído,,Não concluído,,Não concluído,,Concluído,2025-03-10 16:53:33,Não concluído,,Não concluído,
43,4b2b59aec27a186a46c722d0020c6533,Não concluído,,Não concluído,,Não concluído,,Não concluído,,Não concluído,,Não concluído,,Não concluído,,Não concluído,,Não concluído,,Não concluído,,Não concluído,,Não concluído,,Não concluído,,Não concluído,,Não concluído,,Não concluído,
