id_anonimo,Nome do recurso,timestamp,professor
0e5ac37a8aa23cdde6b8abfee77ef79c,Boas vindas!!!,2024-11-28 13:28:05,REINALDO
c95c523ccac8859e142719c42cfd0253,Boas vindas!!!,2024-11-14 18:57:31,REINALDO
012a09f6b298d56460be243574f15daf,Boas vindas!!!,2024-11-13 08:46:20,REINALDO
4bf6453abbadc3fdc1f47eebbf14f55c,Boas vindas!!!,2025-01-31 18:05:39,REINALDO
e914d5dd14998e53c837b3dbd25c977c,Boas vindas!!!,2024-12-06 16:53:25,REINALDO
fca51f6282af24ac9fddc7c3eca867a7,Boas vindas!!!,2024-11-19 15:26:15,REINALDO
befc12beccc4fefee35f622ff5eebcef,Boas vindas!!!,2024-12-03 21:46:55,REINALDO
5054d5b275df188bbc9aa39d3cfa6ad9,Boas vindas!!!,2025-03-23 14:54:27,REINALDO
a295f698a6e337dc3a28521631173fcc,Boas vindas!!!,2024-11-22 19:09:52,REINALDO
ea3b5101990ff4f57b87551fcd058fd6,Boas vindas!!!,2024-11-15 12:24:24,REINALDO
b1c427bcaeb72882833598f3e098cf0b,Boas vindas!!!,2025-02-25 11:14:57,REINALDO
ba8f7bd067657140f698d6f05eff7b94,Boas vindas!!!,2025-01-30 13:49:53,REINALDO
9a4b7d8baa5be015dd5ef10073cb17b0,Boas vindas!!!,2025-01-27 14:07:45,REINALDO
5e9eb042b9366cb67ed52efa3c579383,Boas vindas!!!,2025-01-27 07:45:50,REINALDO
a8a3353bab00681a3af2a8ac1fdd30cb,Boas vindas!!!,2024-11-25 20:09:58,REINALDO
d44a0414ac013e7277f55703057b9892,Boas vindas!!!,2024-11-12 15:36:58,REINALDO
8e1a4321c5ae017e199b595daa42d67b,Boas vindas!!!,2024-11-20 16:33:48,REINALDO
4df8dba9c655186ad3aa6ee2431d944d,Boas vindas!!!,2024-11-13 18:48:45,REINALDO
e7bdeffcd4f6b9b543909b9ac27825c7,Boas vindas!!!,2024-12-18 09:14:08,REINALDO
012a09f6b298d56460be243574f15daf,Plano de ensino (unificado),2024-11-13 08:46:22,REINALDO
e914d5dd14998e53c837b3dbd25c977c,Plano de ensino (unificado),2024-12-06 16:54:36,REINALDO
fca51f6282af24ac9fddc7c3eca867a7,Plano de ensino (unificado),2024-11-21 15:34:28,REINALDO
fbfca27cbd005fee8113e841bfd2fe57,Plano de ensino (unificado),2025-03-20 12:44:21,REINALDO
befc12beccc4fefee35f622ff5eebcef,Plano de ensino (unificado),2024-12-03 20:51:44,REINALDO
5054d5b275df188bbc9aa39d3cfa6ad9,Plano de ensino (unificado),2024-11-26 13:31:15,REINALDO
a295f698a6e337dc3a28521631173fcc,Plano de ensino (unificado),2024-11-22 19:10:17,REINALDO
ea3b5101990ff4f57b87551fcd058fd6,Plano de ensino (unificado),2024-11-14 18:55:29,REINALDO
b1c427bcaeb72882833598f3e098cf0b,Plano de ensino (unificado),2024-12-10 18:42:20,REINALDO
d1d631d5ec3b668a54762a0428c4c58e,Plano de ensino (unificado),2025-01-21 11:30:19,REINALDO
6de5e6196ce2bd0d670d35c92e07a86e,Plano de ensino (unificado),2024-11-19 17:53:57,REINALDO
ba8f7bd067657140f698d6f05eff7b94,Plano de ensino (unificado),2025-01-30 13:51:04,REINALDO
e12e37cbc2726f0096825de2198eedec,Plano de ensino (unificado),2024-11-25 13:45:48,REINALDO
9a4b7d8baa5be015dd5ef10073cb17b0,Plano de ensino (unificado),2025-01-27 14:06:39,REINALDO
b6ba397932fff0e953e940d417cd99e2,Plano de ensino (unificado),2024-11-25 22:09:23,REINALDO
8e1a4321c5ae017e199b595daa42d67b,Plano de ensino (unificado),2024-11-20 16:29:13,REINALDO
4df8dba9c655186ad3aa6ee2431d944d,Plano de ensino (unificado),2024-11-13 18:13:58,REINALDO
e7bdeffcd4f6b9b543909b9ac27825c7,Plano de ensino (unificado),2024-12-18 09:14:06,REINALDO
012a09f6b298d56460be243574f15daf,Cronograma detalhado,2024-11-13 08:46:24,REINALDO
e914d5dd14998e53c837b3dbd25c977c,Cronograma detalhado,2024-12-06 16:54:45,REINALDO
fca51f6282af24ac9fddc7c3eca867a7,Cronograma detalhado,2024-11-21 15:34:32,REINALDO
befc12beccc4fefee35f622ff5eebcef,Cronograma detalhado,2024-12-03 20:51:45,REINALDO
5054d5b275df188bbc9aa39d3cfa6ad9,Cronograma detalhado,2024-11-26 13:31:18,REINALDO
a295f698a6e337dc3a28521631173fcc,Cronograma detalhado,2024-11-22 19:10:33,REINALDO
ea3b5101990ff4f57b87551fcd058fd6,Cronograma detalhado,2024-11-14 18:55:31,REINALDO
b1c427bcaeb72882833598f3e098cf0b,Cronograma detalhado,2024-12-10 18:42:21,REINALDO
6de5e6196ce2bd0d670d35c92e07a86e,Cronograma detalhado,2024-11-19 17:53:58,REINALDO
ba8f7bd067657140f698d6f05eff7b94,Cronograma detalhado,2025-01-30 13:51:05,REINALDO
e12e37cbc2726f0096825de2198eedec,Cronograma detalhado,2025-01-09 10:37:01,REINALDO
9a4b7d8baa5be015dd5ef10073cb17b0,Cronograma detalhado,2025-01-27 14:06:40,REINALDO
b6ba397932fff0e953e940d417cd99e2,Cronograma detalhado,2024-11-25 22:09:23,REINALDO
8e1a4321c5ae017e199b595daa42d67b,Cronograma detalhado,2024-11-20 16:29:18,REINALDO
4df8dba9c655186ad3aa6ee2431d944d,Cronograma detalhado,2024-11-13 18:14:16,REINALDO
e7bdeffcd4f6b9b543909b9ac27825c7,Cronograma detalhado,2024-12-18 09:14:07,REINALDO
012a09f6b298d56460be243574f15daf,Diário de classe,2025-02-18 15:22:33,REINALDO
e914d5dd14998e53c837b3dbd25c977c,Diário de classe,2024-12-06 16:55:33,REINALDO
fca51f6282af24ac9fddc7c3eca867a7,Diário de classe,2024-11-21 15:34:30,REINALDO
fbfca27cbd005fee8113e841bfd2fe57,Diário de classe,2025-03-20 12:44:24,REINALDO
befc12beccc4fefee35f622ff5eebcef,Diário de classe,2024-12-03 20:51:46,REINALDO
5054d5b275df188bbc9aa39d3cfa6ad9,Diário de classe,2024-11-26 13:31:18,REINALDO
a295f698a6e337dc3a28521631173fcc,Diário de classe,2024-11-22 19:10:57,REINALDO
ea3b5101990ff4f57b87551fcd058fd6,Diário de classe,2024-11-14 18:55:38,REINALDO
b1c427bcaeb72882833598f3e098cf0b,Diário de classe,2024-12-10 18:42:22,REINALDO
6de5e6196ce2bd0d670d35c92e07a86e,Diário de classe,2024-11-19 17:53:59,REINALDO
ba8f7bd067657140f698d6f05eff7b94,Diário de classe,2025-01-30 13:51:05,REINALDO
e12e37cbc2726f0096825de2198eedec,Diário de classe,2025-01-09 10:37:02,REINALDO
9a4b7d8baa5be015dd5ef10073cb17b0,Diário de classe,2025-01-27 14:06:41,REINALDO
b6ba397932fff0e953e940d417cd99e2,Diário de classe,2024-11-25 22:09:24,REINALDO
8e1a4321c5ae017e199b595daa42d67b,Diário de classe,2024-11-20 16:30:33,REINALDO
4df8dba9c655186ad3aa6ee2431d944d,Diário de classe,2025-02-20 13:13:26,REINALDO
ecdcdbade721c4bc6246c075bb9ae73b,Diário de classe,2025-03-13 09:15:34,REINALDO
e7bdeffcd4f6b9b543909b9ac27825c7,Diário de classe,2024-12-18 09:14:10,REINALDO
012a09f6b298d56460be243574f15daf,Lançamento de notas e frequência no sistema acadêmico,2025-04-07 13:27:07,REINALDO
e7bdeffcd4f6b9b543909b9ac27825c7,Lançamento de notas e frequência no sistema acadêmico,2025-04-13 08:51:55,REINALDO
012a09f6b298d56460be243574f15daf,Cálculo de notas para Exame Especial,2025-04-07 13:27:12,REINALDO
e914d5dd14998e53c837b3dbd25c977c,Cálculo de notas para Exame Especial,2024-12-06 16:55:44,REINALDO
fca51f6282af24ac9fddc7c3eca867a7,Cálculo de notas para Exame Especial,2024-11-21 15:34:34,REINALDO
befc12beccc4fefee35f622ff5eebcef,Cálculo de notas para Exame Especial,2024-12-03 20:51:49,REINALDO
5054d5b275df188bbc9aa39d3cfa6ad9,Cálculo de notas para Exame Especial,2024-11-26 13:31:19,REINALDO
a295f698a6e337dc3a28521631173fcc,Cálculo de notas para Exame Especial,2024-11-22 19:10:36,REINALDO
a427ca8cc5589c815b0429e3acfc3dc9,Cálculo de notas para Exame Especial,2025-01-21 14:00:17,REINALDO
ea3b5101990ff4f57b87551fcd058fd6,Cálculo de notas para Exame Especial,2024-11-14 18:55:38,REINALDO
b1c427bcaeb72882833598f3e098cf0b,Cálculo de notas para Exame Especial,2024-12-10 18:42:23,REINALDO
ba8f7bd067657140f698d6f05eff7b94,Cálculo de notas para Exame Especial,2025-01-30 13:51:06,REINALDO
e12e37cbc2726f0096825de2198eedec,Cálculo de notas para Exame Especial,2025-01-09 10:37:03,REINALDO
9a4b7d8baa5be015dd5ef10073cb17b0,Cálculo de notas para Exame Especial,2025-01-27 14:06:41,REINALDO
b6ba397932fff0e953e940d417cd99e2,Cálculo de notas para Exame Especial,2024-11-25 22:09:25,REINALDO
8e1a4321c5ae017e199b595daa42d67b,Cálculo de notas para Exame Especial,2024-11-20 16:30:34,REINALDO
4df8dba9c655186ad3aa6ee2431d944d,Cálculo de notas para Exame Especial,2025-02-20 13:13:27,REINALDO
e7bdeffcd4f6b9b543909b9ac27825c7,Cálculo de notas para Exame Especial,2024-12-18 09:14:12,REINALDO
012a09f6b298d56460be243574f15daf,Escolha para o EXAME ESPECIAL,2024-11-19 15:23:32,REINALDO
fca51f6282af24ac9fddc7c3eca867a7,Escolha para o EXAME ESPECIAL,2024-11-21 15:34:35,REINALDO
8c48db400a22bd2b95733ff7f842f5e4,Escolha para o EXAME ESPECIAL,2025-04-01 13:33:42,REINALDO
befc12beccc4fefee35f622ff5eebcef,Escolha para o EXAME ESPECIAL,2024-12-03 20:51:48,REINALDO
5054d5b275df188bbc9aa39d3cfa6ad9,Escolha para o EXAME ESPECIAL,2024-11-26 13:31:19,REINALDO
a295f698a6e337dc3a28521631173fcc,Escolha para o EXAME ESPECIAL,2024-11-22 19:10:38,REINALDO
ea3b5101990ff4f57b87551fcd058fd6,Escolha para o EXAME ESPECIAL,2024-11-14 18:55:40,REINALDO
b1c427bcaeb72882833598f3e098cf0b,Escolha para o EXAME ESPECIAL,2024-12-10 18:42:24,REINALDO
ba8f7bd067657140f698d6f05eff7b94,Escolha para o EXAME ESPECIAL,2025-01-30 13:51:07,REINALDO
9a4b7d8baa5be015dd5ef10073cb17b0,Escolha para o EXAME ESPECIAL,2025-01-27 14:06:42,REINALDO
b6ba397932fff0e953e940d417cd99e2,Escolha para o EXAME ESPECIAL,2024-11-25 22:09:25,REINALDO
8e1a4321c5ae017e199b595daa42d67b,Escolha para o EXAME ESPECIAL,2025-02-12 20:58:33,REINALDO
4df8dba9c655186ad3aa6ee2431d944d,Escolha para o EXAME ESPECIAL,2025-02-20 13:13:27,REINALDO
e7bdeffcd4f6b9b543909b9ac27825c7,Escolha para o EXAME ESPECIAL,2024-12-18 09:14:15,REINALDO
012a09f6b298d56460be243574f15daf,Página da disciplina,2024-11-19 15:23:34,REINALDO
fca51f6282af24ac9fddc7c3eca867a7,Página da disciplina,2024-12-02 15:25:24,REINALDO
befc12beccc4fefee35f622ff5eebcef,Página da disciplina,2024-12-03 20:51:51,REINALDO
5054d5b275df188bbc9aa39d3cfa6ad9,Página da disciplina,2024-11-26 13:31:20,REINALDO
ef76d40add2d76243a11e1f42ab166f0,Página da disciplina,2024-11-20 18:14:00,REINALDO
a295f698a6e337dc3a28521631173fcc,Página da disciplina,2024-11-22 19:10:59,REINALDO
ea3b5101990ff4f57b87551fcd058fd6,Página da disciplina,2024-11-14 18:55:41,REINALDO
b1c427bcaeb72882833598f3e098cf0b,Página da disciplina,2024-12-10 18:42:25,REINALDO
ba8f7bd067657140f698d6f05eff7b94,Página da disciplina,2025-01-30 13:51:07,REINALDO
9a4b7d8baa5be015dd5ef10073cb17b0,Página da disciplina,2025-01-27 14:06:42,REINALDO
b6ba397932fff0e953e940d417cd99e2,Página da disciplina,2024-11-25 22:09:26,REINALDO
8e1a4321c5ae017e199b595daa42d67b,Página da disciplina,2024-11-20 16:30:50,REINALDO
4df8dba9c655186ad3aa6ee2431d944d,Página da disciplina,2025-02-20 13:13:28,REINALDO
e7bdeffcd4f6b9b543909b9ac27825c7,Página da disciplina,2024-12-18 09:14:17,REINALDO
012a09f6b298d56460be243574f15daf,Agenda do Professor,2024-11-19 15:23:36,REINALDO
fca51f6282af24ac9fddc7c3eca867a7,Agenda do Professor,2024-12-02 15:25:25,REINALDO
befc12beccc4fefee35f622ff5eebcef,Agenda do Professor,2024-12-03 20:51:52,REINALDO
5054d5b275df188bbc9aa39d3cfa6ad9,Agenda do Professor,2024-11-26 13:31:20,REINALDO
ef76d40add2d76243a11e1f42ab166f0,Agenda do Professor,2024-11-20 18:13:37,REINALDO
a295f698a6e337dc3a28521631173fcc,Agenda do Professor,2024-11-22 19:11:03,REINALDO
ea3b5101990ff4f57b87551fcd058fd6,Agenda do Professor,2024-11-14 18:55:42,REINALDO
b1c427bcaeb72882833598f3e098cf0b,Agenda do Professor,2024-12-10 18:42:26,REINALDO
ba8f7bd067657140f698d6f05eff7b94,Agenda do Professor,2025-01-30 13:51:09,REINALDO
9a4b7d8baa5be015dd5ef10073cb17b0,Agenda do Professor,2025-01-27 14:06:44,REINALDO
b6ba397932fff0e953e940d417cd99e2,Agenda do Professor,2024-11-25 22:09:27,REINALDO
8e1a4321c5ae017e199b595daa42d67b,Agenda do Professor,2024-11-20 16:31:11,REINALDO
4df8dba9c655186ad3aa6ee2431d944d,Agenda do Professor,2025-02-20 13:13:29,REINALDO
e7bdeffcd4f6b9b543909b9ac27825c7,Agenda do Professor,2024-12-18 09:14:18,REINALDO
012a09f6b298d56460be243574f15daf,"Atendimentos: Extraclase, Monitoria e Tutoria",2024-11-19 15:23:38,REINALDO
fca51f6282af24ac9fddc7c3eca867a7,"Atendimentos: Extraclase, Monitoria e Tutoria",2024-12-02 15:25:27,REINALDO
befc12beccc4fefee35f622ff5eebcef,"Atendimentos: Extraclase, Monitoria e Tutoria",2024-12-03 20:51:53,REINALDO
5054d5b275df188bbc9aa39d3cfa6ad9,"Atendimentos: Extraclase, Monitoria e Tutoria",2024-11-26 13:31:21,REINALDO
ef76d40add2d76243a11e1f42ab166f0,"Atendimentos: Extraclase, Monitoria e Tutoria",2024-11-20 18:12:59,REINALDO
a295f698a6e337dc3a28521631173fcc,"Atendimentos: Extraclase, Monitoria e Tutoria",2024-11-22 19:11:06,REINALDO
ea3b5101990ff4f57b87551fcd058fd6,"Atendimentos: Extraclase, Monitoria e Tutoria",2024-11-14 18:55:47,REINALDO
b1c427bcaeb72882833598f3e098cf0b,"Atendimentos: Extraclase, Monitoria e Tutoria",2024-12-10 18:42:26,REINALDO
ba8f7bd067657140f698d6f05eff7b94,"Atendimentos: Extraclase, Monitoria e Tutoria",2025-01-30 13:51:10,REINALDO
9a4b7d8baa5be015dd5ef10073cb17b0,"Atendimentos: Extraclase, Monitoria e Tutoria",2025-01-27 14:06:43,REINALDO
b6ba397932fff0e953e940d417cd99e2,"Atendimentos: Extraclase, Monitoria e Tutoria",2024-11-25 22:09:27,REINALDO
8e1a4321c5ae017e199b595daa42d67b,"Atendimentos: Extraclase, Monitoria e Tutoria",2024-11-20 16:31:15,REINALDO
4df8dba9c655186ad3aa6ee2431d944d,"Atendimentos: Extraclase, Monitoria e Tutoria",2025-02-20 13:13:30,REINALDO
e7bdeffcd4f6b9b543909b9ac27825c7,"Atendimentos: Extraclase, Monitoria e Tutoria",2024-12-18 09:14:20,REINALDO
012a09f6b298d56460be243574f15daf,opCoders Judge (Corretor automático de exercícios práticos),2025-02-18 15:22:39,REINALDO
fca51f6282af24ac9fddc7c3eca867a7,opCoders Judge (Corretor automático de exercícios práticos),2024-11-21 16:23:56,REINALDO
3e7423d5ab36e6f8d555b73d40a71b75,opCoders Judge (Corretor automático de exercícios práticos),2024-12-16 10:01:31,REINALDO
befc12beccc4fefee35f622ff5eebcef,opCoders Judge (Corretor automático de exercícios práticos),2024-12-03 20:51:54,REINALDO
5054d5b275df188bbc9aa39d3cfa6ad9,opCoders Judge (Corretor automático de exercícios práticos),2024-11-26 13:31:22,REINALDO
ef76d40add2d76243a11e1f42ab166f0,opCoders Judge (Corretor automático de exercícios práticos),2024-11-20 18:12:46,REINALDO
a295f698a6e337dc3a28521631173fcc,opCoders Judge (Corretor automático de exercícios práticos),2024-11-22 19:11:49,REINALDO
ea3b5101990ff4f57b87551fcd058fd6,opCoders Judge (Corretor automático de exercícios práticos),2024-11-14 18:56:26,REINALDO
b1c427bcaeb72882833598f3e098cf0b,opCoders Judge (Corretor automático de exercícios práticos),2024-12-10 18:42:27,REINALDO
dfecdda0c894de9914ff72bbd4e0d5e2,opCoders Judge (Corretor automático de exercícios práticos),2025-03-12 20:38:32,REINALDO
b884e62b11a6466b93c7b06fc9dba840,opCoders Judge (Corretor automático de exercícios práticos),2025-02-03 11:00:42,REINALDO
ba8f7bd067657140f698d6f05eff7b94,opCoders Judge (Corretor automático de exercícios práticos),2025-01-30 13:51:12,REINALDO
9a4b7d8baa5be015dd5ef10073cb17b0,opCoders Judge (Corretor automático de exercícios práticos),2025-01-27 14:06:45,REINALDO
b6ba397932fff0e953e940d417cd99e2,opCoders Judge (Corretor automático de exercícios práticos),2024-11-25 22:09:28,REINALDO
8e1a4321c5ae017e199b595daa42d67b,opCoders Judge (Corretor automático de exercícios práticos),2024-11-20 16:32:23,REINALDO
4df8dba9c655186ad3aa6ee2431d944d,opCoders Judge (Corretor automático de exercícios práticos),2025-02-20 13:13:30,REINALDO
e7bdeffcd4f6b9b543909b9ac27825c7,opCoders Judge (Corretor automático de exercícios práticos),2024-12-18 09:14:21,REINALDO
012a09f6b298d56460be243574f15daf,Informações sobre recursos didáticos,2024-11-19 15:23:41,REINALDO
fca51f6282af24ac9fddc7c3eca867a7,Informações sobre recursos didáticos,2024-12-02 15:25:28,REINALDO
befc12beccc4fefee35f622ff5eebcef,Informações sobre recursos didáticos,2024-12-03 20:51:56,REINALDO
5054d5b275df188bbc9aa39d3cfa6ad9,Informações sobre recursos didáticos,2024-11-26 13:31:22,REINALDO
ef76d40add2d76243a11e1f42ab166f0,Informações sobre recursos didáticos,2024-11-20 18:13:01,REINALDO
a295f698a6e337dc3a28521631173fcc,Informações sobre recursos didáticos,2024-11-22 19:11:42,REINALDO
ea3b5101990ff4f57b87551fcd058fd6,Informações sobre recursos didáticos,2024-11-14 18:57:00,REINALDO
b1c427bcaeb72882833598f3e098cf0b,Informações sobre recursos didáticos,2024-12-10 18:42:29,REINALDO
b884e62b11a6466b93c7b06fc9dba840,Informações sobre recursos didáticos,2024-11-21 19:36:12,REINALDO
ba8f7bd067657140f698d6f05eff7b94,Informações sobre recursos didáticos,2025-01-30 13:51:14,REINALDO
9a4b7d8baa5be015dd5ef10073cb17b0,Informações sobre recursos didáticos,2025-01-27 14:06:45,REINALDO
b6ba397932fff0e953e940d417cd99e2,Informações sobre recursos didáticos,2024-11-25 22:09:28,REINALDO
8e1a4321c5ae017e199b595daa42d67b,Informações sobre recursos didáticos,2024-11-20 16:32:27,REINALDO
4df8dba9c655186ad3aa6ee2431d944d,Informações sobre recursos didáticos,2025-02-20 13:13:31,REINALDO
e7bdeffcd4f6b9b543909b9ac27825c7,Informações sobre recursos didáticos,2024-12-18 09:14:22,REINALDO
012a09f6b298d56460be243574f15daf,Material Didático Unificado,2025-02-18 15:22:44,REINALDO
fca51f6282af24ac9fddc7c3eca867a7,Material Didático Unificado,2024-11-21 15:34:43,REINALDO
befc12beccc4fefee35f622ff5eebcef,Material Didático Unificado,2024-12-03 21:46:41,REINALDO
5054d5b275df188bbc9aa39d3cfa6ad9,Material Didático Unificado,2024-12-22 21:43:40,REINALDO
ef76d40add2d76243a11e1f42ab166f0,Material Didático Unificado,2024-11-20 18:28:02,REINALDO
ea3b5101990ff4f57b87551fcd058fd6,Material Didático Unificado,2024-11-15 12:24:38,REINALDO
b1c427bcaeb72882833598f3e098cf0b,Material Didático Unificado,2024-12-10 18:42:35,REINALDO
dfecdda0c894de9914ff72bbd4e0d5e2,Material Didático Unificado,2024-12-05 15:34:55,REINALDO
6de5e6196ce2bd0d670d35c92e07a86e,Material Didático Unificado,2025-02-26 16:59:59,REINALDO
e12e37cbc2726f0096825de2198eedec,Material Didático Unificado,2024-11-25 13:46:32,REINALDO
9a4b7d8baa5be015dd5ef10073cb17b0,Material Didático Unificado,2025-01-27 14:06:03,REINALDO
b6ba397932fff0e953e940d417cd99e2,Material Didático Unificado,2024-11-24 18:00:04,REINALDO
8e1a4321c5ae017e199b595daa42d67b,Material Didático Unificado,2024-11-20 16:32:30,REINALDO
efeeff47666bf57925197b703147ecdb,Material Didático Unificado,2024-11-24 18:40:45,REINALDO
4df8dba9c655186ad3aa6ee2431d944d,Material Didático Unificado,2024-12-16 20:08:37,REINALDO
e7bdeffcd4f6b9b543909b9ac27825c7,Material Didático Unificado,2024-12-04 16:41:26,REINALDO
012a09f6b298d56460be243574f15daf,Conteúdo teórico (livro texto),2024-11-19 15:23:44,REINALDO
fca51f6282af24ac9fddc7c3eca867a7,Conteúdo teórico (livro texto),2024-11-21 15:34:39,REINALDO
befc12beccc4fefee35f622ff5eebcef,Conteúdo teórico (livro texto),2024-12-03 21:46:44,REINALDO
5054d5b275df188bbc9aa39d3cfa6ad9,Conteúdo teórico (livro texto),2024-12-22 21:43:41,REINALDO
ef76d40add2d76243a11e1f42ab166f0,Conteúdo teórico (livro texto),2024-11-20 18:28:00,REINALDO
b1c427bcaeb72882833598f3e098cf0b,Conteúdo teórico (livro texto),2024-12-10 18:42:37,REINALDO
6de5e6196ce2bd0d670d35c92e07a86e,Conteúdo teórico (livro texto),2025-02-26 17:00:00,REINALDO
e12e37cbc2726f0096825de2198eedec,Conteúdo teórico (livro texto),2024-11-25 13:46:30,REINALDO
9a4b7d8baa5be015dd5ef10073cb17b0,Conteúdo teórico (livro texto),2025-01-27 14:06:05,REINALDO
a8a3353bab00681a3af2a8ac1fdd30cb,Conteúdo teórico (livro texto),2024-11-20 21:27:22,REINALDO
b6ba397932fff0e953e940d417cd99e2,Conteúdo teórico (livro texto),2024-11-24 18:00:05,REINALDO
8e1a4321c5ae017e199b595daa42d67b,Conteúdo teórico (livro texto),2024-11-20 16:32:55,REINALDO
efeeff47666bf57925197b703147ecdb,Conteúdo teórico (livro texto),2024-11-24 18:40:41,REINALDO
4df8dba9c655186ad3aa6ee2431d944d,Conteúdo teórico (livro texto),2024-11-13 18:13:32,REINALDO
e7bdeffcd4f6b9b543909b9ac27825c7,Conteúdo teórico (livro texto),2024-12-04 16:41:28,REINALDO
fca51f6282af24ac9fddc7c3eca867a7,Resumo para a Prova Teórica 1 (PT1),2025-03-25 10:50:45,REINALDO
befc12beccc4fefee35f622ff5eebcef,Resumo para a Prova Teórica 1 (PT1),2025-03-27 20:24:37,REINALDO
b1c427bcaeb72882833598f3e098cf0b,Resumo para a Prova Teórica 1 (PT1),2025-02-25 11:14:49,REINALDO
6de5e6196ce2bd0d670d35c92e07a86e,Resumo para a Prova Teórica 1 (PT1),2025-02-26 17:00:04,REINALDO
8e1a4321c5ae017e199b595daa42d67b,Resumo para a Prova Teórica 1 (PT1),2025-03-28 21:56:59,REINALDO
e7bdeffcd4f6b9b543909b9ac27825c7,Resumo para a Prova Teórica 1 (PT1),2025-03-08 21:01:29,REINALDO
0e5ac37a8aa23cdde6b8abfee77ef79c,Resumo para a Prova Teórica 1 (PT2),2025-03-20 16:37:31,REINALDO
fca51f6282af24ac9fddc7c3eca867a7,Resumo para a Prova Teórica 1 (PT2),2025-03-18 17:19:25,REINALDO
befc12beccc4fefee35f622ff5eebcef,Resumo para a Prova Teórica 1 (PT2),2025-03-27 20:24:37,REINALDO
b1c427bcaeb72882833598f3e098cf0b,Resumo para a Prova Teórica 1 (PT2),2025-02-25 11:14:50,REINALDO
8e1a4321c5ae017e199b595daa42d67b,Resumo para a Prova Teórica 1 (PT2),2025-03-28 21:57:00,REINALDO
e7bdeffcd4f6b9b543909b9ac27825c7,Resumo para a Prova Teórica 1 (PT2),2025-03-08 21:01:30,REINALDO
012a09f6b298d56460be243574f15daf,Bibliografia básica,2024-11-19 15:23:48,REINALDO
fca51f6282af24ac9fddc7c3eca867a7,Bibliografia básica,2024-11-21 15:34:42,REINALDO
befc12beccc4fefee35f622ff5eebcef,Bibliografia básica,2024-12-03 21:46:49,REINALDO
5054d5b275df188bbc9aa39d3cfa6ad9,Bibliografia básica,2024-12-22 21:43:46,REINALDO
ea3b5101990ff4f57b87551fcd058fd6,Bibliografia básica,2024-11-14 18:58:33,REINALDO
b1c427bcaeb72882833598f3e098cf0b,Bibliografia básica,2024-12-10 18:42:39,REINALDO
6de5e6196ce2bd0d670d35c92e07a86e,Bibliografia básica,2025-02-26 17:00:10,REINALDO
9a4b7d8baa5be015dd5ef10073cb17b0,Bibliografia básica,2025-01-27 14:06:08,REINALDO
b6ba397932fff0e953e940d417cd99e2,Bibliografia básica,2024-11-24 18:00:06,REINALDO
8e1a4321c5ae017e199b595daa42d67b,Bibliografia básica,2024-11-20 16:33:27,REINALDO
4df8dba9c655186ad3aa6ee2431d944d,Bibliografia básica,2024-12-16 20:08:39,REINALDO
e7bdeffcd4f6b9b543909b9ac27825c7,Bibliografia básica,2024-12-04 16:41:29,REINALDO
012a09f6b298d56460be243574f15daf,[T] Apresentação da disciplina,2024-11-19 15:23:50,REINALDO
e914d5dd14998e53c837b3dbd25c977c,[T] Apresentação da disciplina,2024-12-06 16:54:03,REINALDO
fca51f6282af24ac9fddc7c3eca867a7,[T] Apresentação da disciplina,2024-11-21 15:34:45,REINALDO
befc12beccc4fefee35f622ff5eebcef,[T] Apresentação da disciplina,2024-12-03 21:46:51,REINALDO
ef76d40add2d76243a11e1f42ab166f0,[T] Apresentação da disciplina,2024-11-20 18:28:09,REINALDO
ea3b5101990ff4f57b87551fcd058fd6,[T] Apresentação da disciplina,2024-11-14 18:58:30,REINALDO
b1c427bcaeb72882833598f3e098cf0b,[T] Apresentação da disciplina,2024-12-10 18:43:46,REINALDO
6de5e6196ce2bd0d670d35c92e07a86e,[T] Apresentação da disciplina,2025-02-26 17:00:11,REINALDO
9a4b7d8baa5be015dd5ef10073cb17b0,[T] Apresentação da disciplina,2025-01-27 14:06:09,REINALDO
b6ba397932fff0e953e940d417cd99e2,[T] Apresentação da disciplina,2024-11-24 18:00:08,REINALDO
8e1a4321c5ae017e199b595daa42d67b,[T] Apresentação da disciplina,2024-11-20 16:33:29,REINALDO
4df8dba9c655186ad3aa6ee2431d944d,[T] Apresentação da disciplina,2024-12-16 20:08:41,REINALDO
e7bdeffcd4f6b9b543909b9ac27825c7,[T] Apresentação da disciplina,2024-12-18 09:14:53,REINALDO
012a09f6b298d56460be243574f15daf,Material complementar - Videoaula: Apresentação da disciplina (29 min),2025-02-18 19:56:30,REINALDO
4bf6453abbadc3fdc1f47eebbf14f55c,Material complementar - Videoaula: Apresentação da disciplina (29 min),2025-01-29 17:00:34,REINALDO
fca51f6282af24ac9fddc7c3eca867a7,Material complementar - Videoaula: Apresentação da disciplina (29 min),2024-12-02 15:25:12,REINALDO
8c48db400a22bd2b95733ff7f842f5e4,Material complementar - Videoaula: Apresentação da disciplina (29 min),2025-04-03 11:31:41,REINALDO
befc12beccc4fefee35f622ff5eebcef,Material complementar - Videoaula: Apresentação da disciplina (29 min),2024-12-03 21:47:03,REINALDO
5054d5b275df188bbc9aa39d3cfa6ad9,Material complementar - Videoaula: Apresentação da disciplina (29 min),2024-12-22 21:43:52,REINALDO
a295f698a6e337dc3a28521631173fcc,Material complementar - Videoaula: Apresentação da disciplina (29 min),2025-01-14 17:10:27,REINALDO
b1c427bcaeb72882833598f3e098cf0b,Material complementar - Videoaula: Apresentação da disciplina (29 min),2024-12-10 18:42:57,REINALDO
d1d631d5ec3b668a54762a0428c4c58e,Material complementar - Videoaula: Apresentação da disciplina (29 min),2025-01-21 11:30:34,REINALDO
9a4b7d8baa5be015dd5ef10073cb17b0,Material complementar - Videoaula: Apresentação da disciplina (29 min),2025-01-27 14:06:13,REINALDO
8e1a4321c5ae017e199b595daa42d67b,Material complementar - Videoaula: Apresentação da disciplina (29 min),2024-11-28 16:06:53,REINALDO
4df8dba9c655186ad3aa6ee2431d944d,Material complementar - Videoaula: Apresentação da disciplina (29 min),2024-12-16 20:08:31,REINALDO
e7bdeffcd4f6b9b543909b9ac27825c7,Material complementar - Videoaula: Apresentação da disciplina (29 min),2024-12-04 16:41:22,REINALDO
b3f036a602d657ed160c1255ff355a47,[T] Cap. 1 - Introdução,2024-11-13 23:07:33,REINALDO
012a09f6b298d56460be243574f15daf,[T] Cap. 1 - Introdução,2024-11-19 15:23:54,REINALDO
4bf6453abbadc3fdc1f47eebbf14f55c,[T] Cap. 1 - Introdução,2025-01-29 17:00:36,REINALDO
fca51f6282af24ac9fddc7c3eca867a7,[T] Cap. 1 - Introdução,2024-11-21 15:34:50,REINALDO
8c48db400a22bd2b95733ff7f842f5e4,[T] Cap. 1 - Introdução,2025-04-03 11:31:44,REINALDO
befc12beccc4fefee35f622ff5eebcef,[T] Cap. 1 - Introdução,2024-11-17 06:34:32,REINALDO
5054d5b275df188bbc9aa39d3cfa6ad9,[T] Cap. 1 - Introdução,2024-11-15 18:56:02,REINALDO
ef76d40add2d76243a11e1f42ab166f0,[T] Cap. 1 - Introdução,2024-11-20 18:29:32,REINALDO
a295f698a6e337dc3a28521631173fcc,[T] Cap. 1 - Introdução,2024-11-13 19:40:25,REINALDO
ea3b5101990ff4f57b87551fcd058fd6,[T] Cap. 1 - Introdução,2024-11-14 18:55:17,REINALDO
b1c427bcaeb72882833598f3e098cf0b,[T] Cap. 1 - Introdução,2024-12-10 18:42:58,REINALDO
d1d631d5ec3b668a54762a0428c4c58e,[T] Cap. 1 - Introdução,2025-01-21 11:30:34,REINALDO
3f3afb7914d3dd2ba9aae53353da89ea,[T] Cap. 1 - Introdução,2024-11-15 08:27:38,REINALDO
6de5e6196ce2bd0d670d35c92e07a86e,[T] Cap. 1 - Introdução,2024-11-26 10:55:59,REINALDO
e12e37cbc2726f0096825de2198eedec,[T] Cap. 1 - Introdução,2025-02-04 17:55:50,REINALDO
9a4b7d8baa5be015dd5ef10073cb17b0,[T] Cap. 1 - Introdução,2025-01-27 14:06:14,REINALDO
052819bca9c2f53d4aacd70d60e8aecf,[T] Cap. 1 - Introdução,2024-11-25 21:19:35,REINALDO
e39d6c114d13fb9aadff137f077f9537,[T] Cap. 1 - Introdução,2024-11-15 15:00:28,REINALDO
855f7c3e3ceed183001bf3ca81f5834e,[T] Cap. 1 - Introdução,2024-11-26 14:15:23,REINALDO
8e1a4321c5ae017e199b595daa42d67b,[T] Cap. 1 - Introdução,2024-11-20 16:33:40,REINALDO
4df8dba9c655186ad3aa6ee2431d944d,[T] Cap. 1 - Introdução,2024-11-21 14:16:32,REINALDO
e7bdeffcd4f6b9b543909b9ac27825c7,[T] Cap. 1 - Introdução,2024-11-14 13:35:06,REINALDO
b3f036a602d657ed160c1255ff355a47,Material complementar - Videoaula: Introdução (37 min),2024-11-14 22:32:19,REINALDO
012a09f6b298d56460be243574f15daf,Material complementar - Videoaula: Introdução (37 min),2024-11-19 15:23:55,REINALDO
4bf6453abbadc3fdc1f47eebbf14f55c,Material complementar - Videoaula: Introdução (37 min),2025-01-29 17:00:48,REINALDO
fca51f6282af24ac9fddc7c3eca867a7,Material complementar - Videoaula: Introdução (37 min),2024-11-19 15:31:17,REINALDO
8c48db400a22bd2b95733ff7f842f5e4,Material complementar - Videoaula: Introdução (37 min),2025-04-03 11:31:46,REINALDO
befc12beccc4fefee35f622ff5eebcef,Material complementar - Videoaula: Introdução (37 min),2024-11-17 06:34:34,REINALDO
5054d5b275df188bbc9aa39d3cfa6ad9,Material complementar - Videoaula: Introdução (37 min),2024-11-15 18:56:04,REINALDO
ef76d40add2d76243a11e1f42ab166f0,Material complementar - Videoaula: Introdução (37 min),2024-11-20 18:29:35,REINALDO
a295f698a6e337dc3a28521631173fcc,Material complementar - Videoaula: Introdução (37 min),2024-11-14 23:23:15,REINALDO
ea3b5101990ff4f57b87551fcd058fd6,Material complementar - Videoaula: Introdução (37 min),2024-11-14 18:55:18,REINALDO
b1c427bcaeb72882833598f3e098cf0b,Material complementar - Videoaula: Introdução (37 min),2024-12-10 18:42:59,REINALDO
d1d631d5ec3b668a54762a0428c4c58e,Material complementar - Videoaula: Introdução (37 min),2025-01-21 11:30:35,REINALDO
3f3afb7914d3dd2ba9aae53353da89ea,Material complementar - Videoaula: Introdução (37 min),2024-11-15 08:27:52,REINALDO
b884e62b11a6466b93c7b06fc9dba840,Material complementar - Videoaula: Introdução (37 min),2024-11-21 15:36:35,REINALDO
9a4b7d8baa5be015dd5ef10073cb17b0,Material complementar - Videoaula: Introdução (37 min),2025-01-27 14:06:16,REINALDO
860cc8bc89a9509fdd8cf7c96dbbe014,Material complementar - Videoaula: Introdução (37 min),2024-11-13 10:29:00,REINALDO
a8a3353bab00681a3af2a8ac1fdd30cb,Material complementar - Videoaula: Introdução (37 min),2024-11-25 19:55:08,REINALDO
052819bca9c2f53d4aacd70d60e8aecf,Material complementar - Videoaula: Introdução (37 min),2024-11-25 21:26:51,REINALDO
e39d6c114d13fb9aadff137f077f9537,Material complementar - Videoaula: Introdução (37 min),2024-11-17 17:56:41,REINALDO
855f7c3e3ceed183001bf3ca81f5834e,Material complementar - Videoaula: Introdução (37 min),2024-11-26 14:15:23,REINALDO
8e1a4321c5ae017e199b595daa42d67b,Material complementar - Videoaula: Introdução (37 min),2024-11-20 16:33:41,REINALDO
4df8dba9c655186ad3aa6ee2431d944d,Material complementar - Videoaula: Introdução (37 min),2024-11-21 14:16:34,REINALDO
e7bdeffcd4f6b9b543909b9ac27825c7,Material complementar - Videoaula: Introdução (37 min),2024-11-14 13:35:09,REINALDO
b3f036a602d657ed160c1255ff355a47,[AP-1.1] Ambiente de programação,2024-11-14 22:32:20,REINALDO
012a09f6b298d56460be243574f15daf,[AP-1.1] Ambiente de programação,2024-11-19 15:23:56,REINALDO
4bf6453abbadc3fdc1f47eebbf14f55c,[AP-1.1] Ambiente de programação,2025-01-29 17:40:25,REINALDO
fca51f6282af24ac9fddc7c3eca867a7,[AP-1.1] Ambiente de programação,2024-11-21 15:34:51,REINALDO
8c48db400a22bd2b95733ff7f842f5e4,[AP-1.1] Ambiente de programação,2025-04-03 11:31:48,REINALDO
befc12beccc4fefee35f622ff5eebcef,[AP-1.1] Ambiente de programação,2024-11-17 06:34:44,REINALDO
5054d5b275df188bbc9aa39d3cfa6ad9,[AP-1.1] Ambiente de programação,2024-11-15 18:56:07,REINALDO
ef76d40add2d76243a11e1f42ab166f0,[AP-1.1] Ambiente de programação,2024-11-20 18:29:37,REINALDO
a295f698a6e337dc3a28521631173fcc,[AP-1.1] Ambiente de programação,2024-11-14 23:23:17,REINALDO
ea3b5101990ff4f57b87551fcd058fd6,[AP-1.1] Ambiente de programação,2024-11-14 18:55:19,REINALDO
b1c427bcaeb72882833598f3e098cf0b,[AP-1.1] Ambiente de programação,2024-12-10 18:42:59,REINALDO
d1d631d5ec3b668a54762a0428c4c58e,[AP-1.1] Ambiente de programação,2025-01-21 11:30:33,REINALDO
3f3afb7914d3dd2ba9aae53353da89ea,[AP-1.1] Ambiente de programação,2024-11-13 14:44:58,REINALDO
e12e37cbc2726f0096825de2198eedec,[AP-1.1] Ambiente de programação,2025-02-04 17:55:52,REINALDO
9a4b7d8baa5be015dd5ef10073cb17b0,[AP-1.1] Ambiente de programação,2025-01-27 14:06:15,REINALDO
052819bca9c2f53d4aacd70d60e8aecf,[AP-1.1] Ambiente de programação,2024-11-25 21:38:28,REINALDO
e39d6c114d13fb9aadff137f077f9537,[AP-1.1] Ambiente de programação,2024-11-17 17:56:43,REINALDO
855f7c3e3ceed183001bf3ca81f5834e,[AP-1.1] Ambiente de programação,2024-11-26 14:15:21,REINALDO
8e1a4321c5ae017e199b595daa42d67b,[AP-1.1] Ambiente de programação,2024-11-20 16:33:42,REINALDO
4df8dba9c655186ad3aa6ee2431d944d,[AP-1.1] Ambiente de programação,2024-11-21 14:16:35,REINALDO
e7bdeffcd4f6b9b543909b9ac27825c7,[AP-1.1] Ambiente de programação,2024-11-14 13:35:35,REINALDO
b3f036a602d657ed160c1255ff355a47,[T] Caps. 2 e 3 -Conceitos básicos,2024-11-25 23:12:51,REINALDO
012a09f6b298d56460be243574f15daf,[T] Caps. 2 e 3 -Conceitos básicos,2024-11-19 15:23:57,REINALDO
4bf6453abbadc3fdc1f47eebbf14f55c,[T] Caps. 2 e 3 -Conceitos básicos,2025-01-29 17:40:26,REINALDO
fca51f6282af24ac9fddc7c3eca867a7,[T] Caps. 2 e 3 -Conceitos básicos,2024-11-21 15:34:54,REINALDO
8c48db400a22bd2b95733ff7f842f5e4,[T] Caps. 2 e 3 -Conceitos básicos,2025-04-03 11:31:49,REINALDO
befc12beccc4fefee35f622ff5eebcef,[T] Caps. 2 e 3 -Conceitos básicos,2024-11-17 06:34:42,REINALDO
5054d5b275df188bbc9aa39d3cfa6ad9,[T] Caps. 2 e 3 -Conceitos básicos,2024-11-15 18:56:09,REINALDO
ef76d40add2d76243a11e1f42ab166f0,[T] Caps. 2 e 3 -Conceitos básicos,2024-11-20 18:29:38,REINALDO
a295f698a6e337dc3a28521631173fcc,[T] Caps. 2 e 3 -Conceitos básicos,2024-11-14 23:23:37,REINALDO
ea3b5101990ff4f57b87551fcd058fd6,[T] Caps. 2 e 3 -Conceitos básicos,2024-11-14 18:55:20,REINALDO
b1c427bcaeb72882833598f3e098cf0b,[T] Caps. 2 e 3 -Conceitos básicos,2024-12-10 18:43:00,REINALDO
d1d631d5ec3b668a54762a0428c4c58e,[T] Caps. 2 e 3 -Conceitos básicos,2025-01-21 11:30:33,REINALDO
3f3afb7914d3dd2ba9aae53353da89ea,[T] Caps. 2 e 3 -Conceitos básicos,2024-11-19 06:20:00,REINALDO
9a4b7d8baa5be015dd5ef10073cb17b0,[T] Caps. 2 e 3 -Conceitos básicos,2025-01-27 14:06:20,REINALDO
5e9eb042b9366cb67ed52efa3c579383,[T] Caps. 2 e 3 -Conceitos básicos,2025-02-12 22:23:27,REINALDO
860cc8bc89a9509fdd8cf7c96dbbe014,[T] Caps. 2 e 3 -Conceitos básicos,2024-11-13 10:29:04,REINALDO
052819bca9c2f53d4aacd70d60e8aecf,[T] Caps. 2 e 3 -Conceitos básicos,2024-11-25 21:39:02,REINALDO
e39d6c114d13fb9aadff137f077f9537,[T] Caps. 2 e 3 -Conceitos básicos,2024-11-17 17:56:44,REINALDO
855f7c3e3ceed183001bf3ca81f5834e,[T] Caps. 2 e 3 -Conceitos básicos,2024-11-19 18:09:48,REINALDO
8e1a4321c5ae017e199b595daa42d67b,[T] Caps. 2 e 3 -Conceitos básicos,2024-11-20 16:33:42,REINALDO
4df8dba9c655186ad3aa6ee2431d944d,[T] Caps. 2 e 3 -Conceitos básicos,2024-11-21 14:16:38,REINALDO
e7bdeffcd4f6b9b543909b9ac27825c7,[T] Caps. 2 e 3 -Conceitos básicos,2024-11-14 13:35:54,REINALDO
b3f036a602d657ed160c1255ff355a47,Material complementar - Videoaula: Conceitos básicos (120 min),2024-11-25 23:12:55,REINALDO
012a09f6b298d56460be243574f15daf,Material complementar - Videoaula: Conceitos básicos (120 min),2024-11-19 15:23:59,REINALDO
4bf6453abbadc3fdc1f47eebbf14f55c,Material complementar - Videoaula: Conceitos básicos (120 min),2025-01-29 17:51:32,REINALDO
fca51f6282af24ac9fddc7c3eca867a7,Material complementar - Videoaula: Conceitos básicos (120 min),2024-11-20 13:54:59,REINALDO
8c48db400a22bd2b95733ff7f842f5e4,Material complementar - Videoaula: Conceitos básicos (120 min),2025-04-03 11:31:56,REINALDO
befc12beccc4fefee35f622ff5eebcef,Material complementar - Videoaula: Conceitos básicos (120 min),2024-12-03 21:47:05,REINALDO
5054d5b275df188bbc9aa39d3cfa6ad9,Material complementar - Videoaula: Conceitos básicos (120 min),2024-11-15 18:56:20,REINALDO
ef76d40add2d76243a11e1f42ab166f0,Material complementar - Videoaula: Conceitos básicos (120 min),2024-11-20 18:29:50,REINALDO
a295f698a6e337dc3a28521631173fcc,Material complementar - Videoaula: Conceitos básicos (120 min),2024-11-14 23:23:25,REINALDO
ea3b5101990ff4f57b87551fcd058fd6,Material complementar - Videoaula: Conceitos básicos (120 min),2024-11-15 12:25:17,REINALDO
b1c427bcaeb72882833598f3e098cf0b,Material complementar - Videoaula: Conceitos básicos (120 min),2024-12-10 18:43:02,REINALDO
d1d631d5ec3b668a54762a0428c4c58e,Material complementar - Videoaula: Conceitos básicos (120 min),2025-01-21 11:30:31,REINALDO
3f3afb7914d3dd2ba9aae53353da89ea,Material complementar - Videoaula: Conceitos básicos (120 min),2024-11-25 20:11:20,REINALDO
9a4b7d8baa5be015dd5ef10073cb17b0,Material complementar - Videoaula: Conceitos básicos (120 min),2025-01-27 14:06:17,REINALDO
860cc8bc89a9509fdd8cf7c96dbbe014,Material complementar - Videoaula: Conceitos básicos (120 min),2024-11-14 19:35:36,REINALDO
a8a3353bab00681a3af2a8ac1fdd30cb,Material complementar - Videoaula: Conceitos básicos (120 min),2024-11-25 19:39:29,REINALDO
855f7c3e3ceed183001bf3ca81f5834e,Material complementar - Videoaula: Conceitos básicos (120 min),2024-11-26 14:15:19,REINALDO
8e1a4321c5ae017e199b595daa42d67b,Material complementar - Videoaula: Conceitos básicos (120 min),2024-11-20 16:33:43,REINALDO
4df8dba9c655186ad3aa6ee2431d944d,Material complementar - Videoaula: Conceitos básicos (120 min),2024-11-27 10:57:09,REINALDO
e7bdeffcd4f6b9b543909b9ac27825c7,Material complementar - Videoaula: Conceitos básicos (120 min),2024-11-14 18:17:05,REINALDO
b3f036a602d657ed160c1255ff355a47,[AP-1.2] Conhecendo o corretor automático,2024-11-25 23:12:55,REINALDO
012a09f6b298d56460be243574f15daf,[AP-1.2] Conhecendo o corretor automático,2024-11-19 15:24:02,REINALDO
4bf6453abbadc3fdc1f47eebbf14f55c,[AP-1.2] Conhecendo o corretor automático,2024-12-11 10:22:31,REINALDO
fca51f6282af24ac9fddc7c3eca867a7,[AP-1.2] Conhecendo o corretor automático,2024-11-21 16:23:39,REINALDO
8c48db400a22bd2b95733ff7f842f5e4,[AP-1.2] Conhecendo o corretor automático,2025-04-03 11:31:54,REINALDO
befc12beccc4fefee35f622ff5eebcef,[AP-1.2] Conhecendo o corretor automático,2024-12-03 21:47:06,REINALDO
5054d5b275df188bbc9aa39d3cfa6ad9,[AP-1.2] Conhecendo o corretor automático,2024-11-26 13:31:33,REINALDO
a295f698a6e337dc3a28521631173fcc,[AP-1.2] Conhecendo o corretor automático,2024-11-14 23:23:26,REINALDO
ea3b5101990ff4f57b87551fcd058fd6,[AP-1.2] Conhecendo o corretor automático,2024-11-25 09:39:59,REINALDO
b1c427bcaeb72882833598f3e098cf0b,[AP-1.2] Conhecendo o corretor automático,2024-12-10 18:43:03,REINALDO
d1d631d5ec3b668a54762a0428c4c58e,[AP-1.2] Conhecendo o corretor automático,2025-01-21 11:30:31,REINALDO
3f3afb7914d3dd2ba9aae53353da89ea,[AP-1.2] Conhecendo o corretor automático,2024-11-25 20:11:26,REINALDO
e12e37cbc2726f0096825de2198eedec,[AP-1.2] Conhecendo o corretor automático,2025-02-04 14:37:27,REINALDO
9a4b7d8baa5be015dd5ef10073cb17b0,[AP-1.2] Conhecendo o corretor automático,2025-01-27 14:06:18,REINALDO
a8a3353bab00681a3af2a8ac1fdd30cb,[AP-1.2] Conhecendo o corretor automático,2024-11-25 19:17:56,REINALDO
855f7c3e3ceed183001bf3ca81f5834e,[AP-1.2] Conhecendo o corretor automático,2024-11-26 14:15:19,REINALDO
8e1a4321c5ae017e199b595daa42d67b,[AP-1.2] Conhecendo o corretor automático,2024-11-20 16:33:44,REINALDO
4df8dba9c655186ad3aa6ee2431d944d,[AP-1.2] Conhecendo o corretor automático,2024-11-27 10:57:09,REINALDO
e7bdeffcd4f6b9b543909b9ac27825c7,[AP-1.2] Conhecendo o corretor automático,2024-11-14 18:17:12,REINALDO
c95c523ccac8859e142719c42cfd0253,"[AP-2_3] Variáveis, expressões, entrada e saída",2024-11-25 12:16:29,REINALDO
012a09f6b298d56460be243574f15daf,"[AP-2_3] Variáveis, expressões, entrada e saída",2025-02-18 19:56:53,REINALDO
4bf6453abbadc3fdc1f47eebbf14f55c,"[AP-2_3] Variáveis, expressões, entrada e saída",2025-01-31 11:57:19,REINALDO
fca51f6282af24ac9fddc7c3eca867a7,"[AP-2_3] Variáveis, expressões, entrada e saída",2024-11-21 16:23:39,REINALDO
8c48db400a22bd2b95733ff7f842f5e4,"[AP-2_3] Variáveis, expressões, entrada e saída",2025-04-03 11:31:52,REINALDO
befc12beccc4fefee35f622ff5eebcef,"[AP-2_3] Variáveis, expressões, entrada e saída",2024-12-03 21:47:06,REINALDO
5054d5b275df188bbc9aa39d3cfa6ad9,"[AP-2_3] Variáveis, expressões, entrada e saída",2024-11-26 13:31:33,REINALDO
a295f698a6e337dc3a28521631173fcc,"[AP-2_3] Variáveis, expressões, entrada e saída",2024-11-22 19:13:25,REINALDO
ea3b5101990ff4f57b87551fcd058fd6,"[AP-2_3] Variáveis, expressões, entrada e saída",2024-11-25 09:40:01,REINALDO
b1c427bcaeb72882833598f3e098cf0b,"[AP-2_3] Variáveis, expressões, entrada e saída",2024-12-10 18:43:04,REINALDO
d1d631d5ec3b668a54762a0428c4c58e,"[AP-2_3] Variáveis, expressões, entrada e saída",2025-01-21 11:30:32,REINALDO
3f3afb7914d3dd2ba9aae53353da89ea,"[AP-2_3] Variáveis, expressões, entrada e saída",2024-11-25 20:11:29,REINALDO
9a4b7d8baa5be015dd5ef10073cb17b0,"[AP-2_3] Variáveis, expressões, entrada e saída",2025-01-27 14:06:19,REINALDO
a8a3353bab00681a3af2a8ac1fdd30cb,"[AP-2_3] Variáveis, expressões, entrada e saída",2024-11-25 19:44:23,REINALDO
855f7c3e3ceed183001bf3ca81f5834e,"[AP-2_3] Variáveis, expressões, entrada e saída",2024-11-26 14:15:20,REINALDO
8e1a4321c5ae017e199b595daa42d67b,"[AP-2_3] Variáveis, expressões, entrada e saída",2024-11-20 16:33:45,REINALDO
4df8dba9c655186ad3aa6ee2431d944d,"[AP-2_3] Variáveis, expressões, entrada e saída",2024-11-27 10:57:10,REINALDO
e7bdeffcd4f6b9b543909b9ac27825c7,"[AP-2_3] Variáveis, expressões, entrada e saída",2024-11-19 16:59:27,REINALDO
c95c523ccac8859e142719c42cfd0253,[T] Estruturas de Decisão,2024-11-25 12:16:27,REINALDO
012a09f6b298d56460be243574f15daf,[T] Estruturas de Decisão,2024-11-23 15:08:42,REINALDO
4bf6453abbadc3fdc1f47eebbf14f55c,[T] Estruturas de Decisão,2025-01-31 11:57:29,REINALDO
fca51f6282af24ac9fddc7c3eca867a7,[T] Estruturas de Decisão,2024-11-21 16:23:40,REINALDO
befc12beccc4fefee35f622ff5eebcef,[T] Estruturas de Decisão,2024-12-03 21:47:07,REINALDO
5054d5b275df188bbc9aa39d3cfa6ad9,[T] Estruturas de Decisão,2024-11-26 13:31:33,REINALDO
a295f698a6e337dc3a28521631173fcc,[T] Estruturas de Decisão,2024-11-22 19:13:23,REINALDO
ea3b5101990ff4f57b87551fcd058fd6,[T] Estruturas de Decisão,2024-11-25 09:40:05,REINALDO
b1c427bcaeb72882833598f3e098cf0b,[T] Estruturas de Decisão,2024-12-10 18:43:05,REINALDO
d1d631d5ec3b668a54762a0428c4c58e,[T] Estruturas de Decisão,2025-01-21 11:30:29,REINALDO
9a4b7d8baa5be015dd5ef10073cb17b0,[T] Estruturas de Decisão,2025-01-27 14:06:19,REINALDO
a8a3353bab00681a3af2a8ac1fdd30cb,[T] Estruturas de Decisão,2024-11-25 19:49:13,REINALDO
855f7c3e3ceed183001bf3ca81f5834e,[T] Estruturas de Decisão,2024-11-26 14:15:36,REINALDO
8e1a4321c5ae017e199b595daa42d67b,[T] Estruturas de Decisão,2024-11-20 16:33:45,REINALDO
4df8dba9c655186ad3aa6ee2431d944d,[T] Estruturas de Decisão,2024-11-27 10:57:11,REINALDO
e7bdeffcd4f6b9b543909b9ac27825c7,[T] Estruturas de Decisão,2024-11-18 13:22:15,REINALDO
012a09f6b298d56460be243574f15daf,Material complementar - Videoaula: Estruturas de Decisão (87 min),2024-11-27 17:25:51,REINALDO
4bf6453abbadc3fdc1f47eebbf14f55c,Material complementar - Videoaula: Estruturas de Decisão (87 min),2025-01-31 21:54:53,REINALDO
fca51f6282af24ac9fddc7c3eca867a7,Material complementar - Videoaula: Estruturas de Decisão (87 min),2024-12-06 13:43:41,REINALDO
befc12beccc4fefee35f622ff5eebcef,Material complementar - Videoaula: Estruturas de Decisão (87 min),2024-12-03 21:47:16,REINALDO
5054d5b275df188bbc9aa39d3cfa6ad9,Material complementar - Videoaula: Estruturas de Decisão (87 min),2024-12-22 21:43:56,REINALDO
b1c427bcaeb72882833598f3e098cf0b,Material complementar - Videoaula: Estruturas de Decisão (87 min),2024-12-10 18:43:12,REINALDO
d1d631d5ec3b668a54762a0428c4c58e,Material complementar - Videoaula: Estruturas de Decisão (87 min),2025-01-21 11:30:40,REINALDO
9a4b7d8baa5be015dd5ef10073cb17b0,Material complementar - Videoaula: Estruturas de Decisão (87 min),2025-01-27 14:06:34,REINALDO
a8a3353bab00681a3af2a8ac1fdd30cb,Material complementar - Videoaula: Estruturas de Decisão (87 min),2024-11-28 09:54:40,REINALDO
8e1a4321c5ae017e199b595daa42d67b,Material complementar - Videoaula: Estruturas de Decisão (87 min),2025-02-12 20:58:41,REINALDO
4df8dba9c655186ad3aa6ee2431d944d,Material complementar - Videoaula: Estruturas de Decisão (87 min),2024-12-16 18:50:47,REINALDO
e7bdeffcd4f6b9b543909b9ac27825c7,Material complementar - Videoaula: Estruturas de Decisão (87 min),2024-11-26 17:02:20,REINALDO
4bf6453abbadc3fdc1f47eebbf14f55c,[AP-4.1] Estruturas de Decisão Simples,2025-01-31 21:55:30,REINALDO
fca51f6282af24ac9fddc7c3eca867a7,[AP-4.1] Estruturas de Decisão Simples,2024-12-06 13:43:42,REINALDO
befc12beccc4fefee35f622ff5eebcef,[AP-4.1] Estruturas de Decisão Simples,2024-12-03 21:47:16,REINALDO
5054d5b275df188bbc9aa39d3cfa6ad9,[AP-4.1] Estruturas de Decisão Simples,2024-12-22 21:43:57,REINALDO
b1c427bcaeb72882833598f3e098cf0b,[AP-4.1] Estruturas de Decisão Simples,2024-12-10 18:43:12,REINALDO
d1d631d5ec3b668a54762a0428c4c58e,[AP-4.1] Estruturas de Decisão Simples,2025-01-21 11:30:41,REINALDO
e12e37cbc2726f0096825de2198eedec,[AP-4.1] Estruturas de Decisão Simples,2025-02-04 17:56:00,REINALDO
9a4b7d8baa5be015dd5ef10073cb17b0,[AP-4.1] Estruturas de Decisão Simples,2025-01-27 14:06:35,REINALDO
8e1a4321c5ae017e199b595daa42d67b,[AP-4.1] Estruturas de Decisão Simples,2025-02-12 20:58:42,REINALDO
4df8dba9c655186ad3aa6ee2431d944d,[AP-4.1] Estruturas de Decisão Simples,2024-12-16 18:50:48,REINALDO
e7bdeffcd4f6b9b543909b9ac27825c7,[AP-4.1] Estruturas de Decisão Simples,2024-11-26 13:28:46,REINALDO
c95c523ccac8859e142719c42cfd0253,[AP-4.2] Estruturas de Decisão Aninhadas,2024-12-02 18:59:53,REINALDO
4bf6453abbadc3fdc1f47eebbf14f55c,[AP-4.2] Estruturas de Decisão Aninhadas,2025-01-31 21:55:31,REINALDO
fca51f6282af24ac9fddc7c3eca867a7,[AP-4.2] Estruturas de Decisão Aninhadas,2024-12-06 13:43:43,REINALDO
befc12beccc4fefee35f622ff5eebcef,[AP-4.2] Estruturas de Decisão Aninhadas,2024-12-03 21:47:17,REINALDO
5054d5b275df188bbc9aa39d3cfa6ad9,[AP-4.2] Estruturas de Decisão Aninhadas,2024-12-22 21:43:57,REINALDO
b1c427bcaeb72882833598f3e098cf0b,[AP-4.2] Estruturas de Decisão Aninhadas,2024-12-10 18:43:13,REINALDO
d1d631d5ec3b668a54762a0428c4c58e,[AP-4.2] Estruturas de Decisão Aninhadas,2025-01-21 11:30:39,REINALDO
e12e37cbc2726f0096825de2198eedec,[AP-4.2] Estruturas de Decisão Aninhadas,2024-11-26 18:23:58,REINALDO
9a4b7d8baa5be015dd5ef10073cb17b0,[AP-4.2] Estruturas de Decisão Aninhadas,2025-01-27 14:06:36,REINALDO
a8a3353bab00681a3af2a8ac1fdd30cb,[AP-4.2] Estruturas de Decisão Aninhadas,2024-12-03 10:37:02,REINALDO
8e1a4321c5ae017e199b595daa42d67b,[AP-4.2] Estruturas de Decisão Aninhadas,2025-02-12 20:58:42,REINALDO
4df8dba9c655186ad3aa6ee2431d944d,[AP-4.2] Estruturas de Decisão Aninhadas,2024-12-16 18:50:50,REINALDO
e7bdeffcd4f6b9b543909b9ac27825c7,[AP-4.2] Estruturas de Decisão Aninhadas,2024-11-26 17:02:20,REINALDO
c95c523ccac8859e142719c42cfd0253,[T] Estrutura de Repetição: WHILE,2024-12-05 13:26:08,REINALDO
4bf6453abbadc3fdc1f47eebbf14f55c,[T] Estrutura de Repetição: WHILE,2025-01-31 21:55:32,REINALDO
fca51f6282af24ac9fddc7c3eca867a7,[T] Estrutura de Repetição: WHILE,2024-12-06 13:43:44,REINALDO
befc12beccc4fefee35f622ff5eebcef,[T] Estrutura de Repetição: WHILE,2024-12-03 21:47:18,REINALDO
5054d5b275df188bbc9aa39d3cfa6ad9,[T] Estrutura de Repetição: WHILE,2024-12-22 21:44:03,REINALDO
b1c427bcaeb72882833598f3e098cf0b,[T] Estrutura de Repetição: WHILE,2024-12-10 18:43:15,REINALDO
d1d631d5ec3b668a54762a0428c4c58e,[T] Estrutura de Repetição: WHILE,2025-01-21 11:30:39,REINALDO
9a4b7d8baa5be015dd5ef10073cb17b0,[T] Estrutura de Repetição: WHILE,2025-01-27 14:06:36,REINALDO
8e1a4321c5ae017e199b595daa42d67b,[T] Estrutura de Repetição: WHILE,2025-02-12 20:58:43,REINALDO
4df8dba9c655186ad3aa6ee2431d944d,[T] Estrutura de Repetição: WHILE,2024-12-16 18:50:50,REINALDO
e7bdeffcd4f6b9b543909b9ac27825c7,[T] Estrutura de Repetição: WHILE,2024-12-04 16:41:13,REINALDO
0e5ac37a8aa23cdde6b8abfee77ef79c,Material complementar - Videoaula: Estrutura de Repetição: WHILE (79 min),2024-12-10 18:25:37,REINALDO
012a09f6b298d56460be243574f15daf,Material complementar - Videoaula: Estrutura de Repetição: WHILE (79 min),2024-12-12 15:21:29,REINALDO
23b16a693c147e2240dba2d2295ee0b5,Material complementar - Videoaula: Estrutura de Repetição: WHILE (79 min),2025-03-20 12:28:51,REINALDO
4bf6453abbadc3fdc1f47eebbf14f55c,Material complementar - Videoaula: Estrutura de Repetição: WHILE (79 min),2024-12-16 23:43:43,REINALDO
36bb769a7b2935e3b3f20d1cced21c7b,Material complementar - Videoaula: Estrutura de Repetição: WHILE (79 min),2024-12-09 16:01:28,REINALDO
fca51f6282af24ac9fddc7c3eca867a7,Material complementar - Videoaula: Estrutura de Repetição: WHILE (79 min),2024-12-12 15:58:29,REINALDO
d1db8058b644c60517623865be574313,Material complementar - Videoaula: Estrutura de Repetição: WHILE (79 min),2024-12-10 18:11:53,REINALDO
002e62ce43c4be181c013ea38b664e48,Material complementar - Videoaula: Estrutura de Repetição: WHILE (79 min),2024-12-10 20:17:38,REINALDO
3ab2130cb5b747fc04a35cdb6032e9c8,Material complementar - Videoaula: Estrutura de Repetição: WHILE (79 min),2024-12-07 11:46:45,REINALDO
fbfca27cbd005fee8113e841bfd2fe57,Material complementar - Videoaula: Estrutura de Repetição: WHILE (79 min),2024-12-19 11:55:14,REINALDO
befc12beccc4fefee35f622ff5eebcef,Material complementar - Videoaula: Estrutura de Repetição: WHILE (79 min),2024-12-10 08:36:42,REINALDO
5054d5b275df188bbc9aa39d3cfa6ad9,Material complementar - Videoaula: Estrutura de Repetição: WHILE (79 min),2024-12-09 20:06:33,REINALDO
a295f698a6e337dc3a28521631173fcc,Material complementar - Videoaula: Estrutura de Repetição: WHILE (79 min),2024-12-09 11:05:45,REINALDO
ea3b5101990ff4f57b87551fcd058fd6,Material complementar - Videoaula: Estrutura de Repetição: WHILE (79 min),2024-12-22 17:28:42,REINALDO
121fb2c61337b6216bec1cd21de663a9,Material complementar - Videoaula: Estrutura de Repetição: WHILE (79 min),2025-03-09 10:10:28,REINALDO
b1c427bcaeb72882833598f3e098cf0b,Material complementar - Videoaula: Estrutura de Repetição: WHILE (79 min),2024-12-10 18:40:44,REINALDO
3f3afb7914d3dd2ba9aae53353da89ea,Material complementar - Videoaula: Estrutura de Repetição: WHILE (79 min),2024-12-10 16:12:56,REINALDO
b884e62b11a6466b93c7b06fc9dba840,Material complementar - Videoaula: Estrutura de Repetição: WHILE (79 min),2024-12-12 10:40:50,REINALDO
3d1220486a6a135a8fe0057a0109a6c4,Material complementar - Videoaula: Estrutura de Repetição: WHILE (79 min),2024-12-11 20:54:51,REINALDO
6de5e6196ce2bd0d670d35c92e07a86e,Material complementar - Videoaula: Estrutura de Repetição: WHILE (79 min),2024-12-10 14:44:05,REINALDO
765dfe23b4760e500c6b5f1d4df23438,Material complementar - Videoaula: Estrutura de Repetição: WHILE (79 min),2024-12-10 21:58:48,REINALDO
9a4b7d8baa5be015dd5ef10073cb17b0,Material complementar - Videoaula: Estrutura de Repetição: WHILE (79 min),2024-12-12 16:24:03,REINALDO
15de1b524d874db2f99534844aa2c59b,Material complementar - Videoaula: Estrutura de Repetição: WHILE (79 min),2024-12-16 10:20:37,REINALDO
7a74bf566554a6f86641006b2b246e99,Material complementar - Videoaula: Estrutura de Repetição: WHILE (79 min),2024-12-10 14:13:11,REINALDO
5e9eb042b9366cb67ed52efa3c579383,Material complementar - Videoaula: Estrutura de Repetição: WHILE (79 min),2025-02-20 09:36:17,REINALDO
860cc8bc89a9509fdd8cf7c96dbbe014,Material complementar - Videoaula: Estrutura de Repetição: WHILE (79 min),2024-12-17 13:44:05,REINALDO
b8560b042dad98b5c17c51d0a1851104,Material complementar - Videoaula: Estrutura de Repetição: WHILE (79 min),2025-01-31 10:41:49,REINALDO
052819bca9c2f53d4aacd70d60e8aecf,Material complementar - Videoaula: Estrutura de Repetição: WHILE (79 min),2024-12-16 21:02:47,REINALDO
e39d6c114d13fb9aadff137f077f9537,Material complementar - Videoaula: Estrutura de Repetição: WHILE (79 min),2024-12-11 20:00:42,REINALDO
457f67ebcaa87dc3f18f15816541bd9b,Material complementar - Videoaula: Estrutura de Repetição: WHILE (79 min),2024-12-10 12:05:08,REINALDO
da11bfd131dba4b2cfaf266d57bc7ed0,Material complementar - Videoaula: Estrutura de Repetição: WHILE (79 min),2024-12-12 07:17:57,REINALDO
a6a860a9902b28ba9007c34d306b75a7,Material complementar - Videoaula: Estrutura de Repetição: WHILE (79 min),2024-12-10 11:18:53,REINALDO
855f7c3e3ceed183001bf3ca81f5834e,Material complementar - Videoaula: Estrutura de Repetição: WHILE (79 min),2024-12-10 17:10:40,REINALDO
b6ba397932fff0e953e940d417cd99e2,Material complementar - Videoaula: Estrutura de Repetição: WHILE (79 min),2024-12-12 10:40:17,REINALDO
8e1a4321c5ae017e199b595daa42d67b,Material complementar - Videoaula: Estrutura de Repetição: WHILE (79 min),2024-12-12 15:55:03,REINALDO
4df8dba9c655186ad3aa6ee2431d944d,Material complementar - Videoaula: Estrutura de Repetição: WHILE (79 min),2024-12-16 18:51:03,REINALDO
51e24445c9a11304892c7a2abf53e31c,Material complementar - Videoaula: Estrutura de Repetição: WHILE (79 min),2025-01-30 16:18:22,REINALDO
fb44a1909303ed9f47c402531e17d0f5,Material complementar - Videoaula: Estrutura de Repetição: WHILE (79 min),2024-12-11 19:11:25,REINALDO
e7bdeffcd4f6b9b543909b9ac27825c7,Material complementar - Videoaula: Estrutura de Repetição: WHILE (79 min),2024-12-06 16:48:41,REINALDO
0e5ac37a8aa23cdde6b8abfee77ef79c,Questionário estrutura WHILE,2024-12-10 18:31:39,REINALDO
6d86e37dea245adf7bb1ab3780cfb6c6,Questionário estrutura WHILE,2024-12-10 11:37:54,REINALDO
cdd8ee189c5d6b06b33fabe138566fca,Questionário estrutura WHILE,2024-12-10 20:02:55,REINALDO
b3f036a602d657ed160c1255ff355a47,Questionário estrutura WHILE,2024-12-11 21:42:50,REINALDO
3919acaa3651cb0dcad3bb1d32f7c12b,Questionário estrutura WHILE,2025-01-22 22:51:28,REINALDO
4bf6453abbadc3fdc1f47eebbf14f55c,Questionário estrutura WHILE,2024-12-16 23:45:50,REINALDO
36bb769a7b2935e3b3f20d1cced21c7b,Questionário estrutura WHILE,2024-12-09 16:00:09,REINALDO
fca51f6282af24ac9fddc7c3eca867a7,Questionário estrutura WHILE,2024-12-17 15:24:05,REINALDO
d1db8058b644c60517623865be574313,Questionário estrutura WHILE,2024-12-10 18:12:04,REINALDO
8c48db400a22bd2b95733ff7f842f5e4,Questionário estrutura WHILE,2025-04-04 23:38:46,REINALDO
e879e8c07ec2a6794ee88232702a1b83,Questionário estrutura WHILE,2024-12-12 12:58:57,REINALDO
b8da2ab4fca6f0ac4b6e500fb3b60d8b,Questionário estrutura WHILE,2024-12-10 18:34:45,REINALDO
b095d481ee999b9ea64095b3f5f6c777,Questionário estrutura WHILE,2024-12-15 12:25:15,REINALDO
002e62ce43c4be181c013ea38b664e48,Questionário estrutura WHILE,2024-12-10 20:22:04,REINALDO
3ab2130cb5b747fc04a35cdb6032e9c8,Questionário estrutura WHILE,2024-12-07 11:46:57,REINALDO
fbfca27cbd005fee8113e841bfd2fe57,Questionário estrutura WHILE,2024-12-12 10:32:05,REINALDO
befc12beccc4fefee35f622ff5eebcef,Questionário estrutura WHILE,2024-12-10 08:02:46,REINALDO
5054d5b275df188bbc9aa39d3cfa6ad9,Questionário estrutura WHILE,2024-12-09 20:06:44,REINALDO
ef76d40add2d76243a11e1f42ab166f0,Questionário estrutura WHILE,2024-12-10 16:08:21,REINALDO
a295f698a6e337dc3a28521631173fcc,Questionário estrutura WHILE,2024-12-10 18:51:32,REINALDO
ea3b5101990ff4f57b87551fcd058fd6,Questionário estrutura WHILE,2024-12-22 17:28:17,REINALDO
e257be593331a536f5b5480403468567,Questionário estrutura WHILE,2024-12-16 12:29:37,REINALDO
dd4d73fab7c6cab2a53583df2fa247df,Questionário estrutura WHILE,2025-01-24 15:07:22,REINALDO
b1c427bcaeb72882833598f3e098cf0b,Questionário estrutura WHILE,2024-12-10 18:41:46,REINALDO
dfecdda0c894de9914ff72bbd4e0d5e2,Questionário estrutura WHILE,2024-12-12 12:44:29,REINALDO
3f3afb7914d3dd2ba9aae53353da89ea,Questionário estrutura WHILE,2024-12-10 08:42:55,REINALDO
b884e62b11a6466b93c7b06fc9dba840,Questionário estrutura WHILE,2024-12-12 10:40:41,REINALDO
6de5e6196ce2bd0d670d35c92e07a86e,Questionário estrutura WHILE,2024-12-10 11:30:47,REINALDO
765dfe23b4760e500c6b5f1d4df23438,Questionário estrutura WHILE,2024-12-10 22:03:15,REINALDO
9a4b7d8baa5be015dd5ef10073cb17b0,Questionário estrutura WHILE,2025-01-27 14:06:55,REINALDO
15de1b524d874db2f99534844aa2c59b,Questionário estrutura WHILE,2024-12-06 18:42:18,REINALDO
7a74bf566554a6f86641006b2b246e99,Questionário estrutura WHILE,2024-12-10 14:13:25,REINALDO
860cc8bc89a9509fdd8cf7c96dbbe014,Questionário estrutura WHILE,2024-12-12 16:41:33,REINALDO
b8560b042dad98b5c17c51d0a1851104,Questionário estrutura WHILE,2025-01-30 10:24:17,REINALDO
a8a3353bab00681a3af2a8ac1fdd30cb,Questionário estrutura WHILE,2024-12-11 13:59:40,REINALDO
d44a0414ac013e7277f55703057b9892,Questionário estrutura WHILE,2024-12-11 17:31:58,REINALDO
266d3bccc5f5343cac682f8d19e2b13f,Questionário estrutura WHILE,2025-01-27 13:26:51,REINALDO
b20323b234db56957e7e8cfd2b41634c,Questionário estrutura WHILE,2024-12-12 15:37:49,REINALDO
052819bca9c2f53d4aacd70d60e8aecf,Questionário estrutura WHILE,2024-12-16 21:04:04,REINALDO
e39d6c114d13fb9aadff137f077f9537,Questionário estrutura WHILE,2024-12-11 19:41:02,REINALDO
457f67ebcaa87dc3f18f15816541bd9b,Questionário estrutura WHILE,2024-12-10 12:06:57,REINALDO
f4821237b6d297f7c3a16c831bc0276e,Questionário estrutura WHILE,2024-12-10 13:57:09,REINALDO
da11bfd131dba4b2cfaf266d57bc7ed0,Questionário estrutura WHILE,2024-12-10 15:24:26,REINALDO
a6a860a9902b28ba9007c34d306b75a7,Questionário estrutura WHILE,2024-12-12 11:31:07,REINALDO
855f7c3e3ceed183001bf3ca81f5834e,Questionário estrutura WHILE,2024-12-09 12:28:44,REINALDO
b6ba397932fff0e953e940d417cd99e2,Questionário estrutura WHILE,2024-12-12 10:40:15,REINALDO
8e1a4321c5ae017e199b595daa42d67b,Questionário estrutura WHILE,2024-12-10 18:47:11,REINALDO
efeeff47666bf57925197b703147ecdb,Questionário estrutura WHILE,2024-12-11 22:57:13,REINALDO
4df8dba9c655186ad3aa6ee2431d944d,Questionário estrutura WHILE,2024-12-16 18:51:02,REINALDO
ecdcdbade721c4bc6246c075bb9ae73b,Questionário estrutura WHILE,2025-01-31 16:57:39,REINALDO
eb65b2a1007addba0c618445f4aa5375,Questionário estrutura WHILE,2024-12-11 18:24:47,REINALDO
fb44a1909303ed9f47c402531e17d0f5,Questionário estrutura WHILE,2024-12-11 19:11:23,REINALDO
e7bdeffcd4f6b9b543909b9ac27825c7,Questionário estrutura WHILE,2024-12-06 16:56:12,REINALDO
77483b77880073df98af468feb2389be,Questionário estrutura WHILE,2025-04-04 21:07:02,REINALDO
cdd8ee189c5d6b06b33fabe138566fca,[AP-5.1] Estrutura de Repetição: WHILE,2025-01-28 19:22:23,REINALDO
fca51f6282af24ac9fddc7c3eca867a7,[AP-5.1] Estrutura de Repetição: WHILE,2024-12-15 20:21:59,REINALDO
d1db8058b644c60517623865be574313,[AP-5.1] Estrutura de Repetição: WHILE,2024-12-12 15:37:09,REINALDO
e879e8c07ec2a6794ee88232702a1b83,[AP-5.1] Estrutura de Repetição: WHILE,2024-12-13 09:49:01,REINALDO
002e62ce43c4be181c013ea38b664e48,[AP-5.1] Estrutura de Repetição: WHILE,2025-01-03 15:46:49,REINALDO
fbfca27cbd005fee8113e841bfd2fe57,[AP-5.1] Estrutura de Repetição: WHILE,2025-02-04 15:11:29,REINALDO
befc12beccc4fefee35f622ff5eebcef,[AP-5.1] Estrutura de Repetição: WHILE,2024-12-10 09:26:33,REINALDO
5054d5b275df188bbc9aa39d3cfa6ad9,[AP-5.1] Estrutura de Repetição: WHILE,2025-03-23 14:54:22,REINALDO
ea3b5101990ff4f57b87551fcd058fd6,[AP-5.1] Estrutura de Repetição: WHILE,2024-12-12 08:35:37,REINALDO
b1c427bcaeb72882833598f3e098cf0b,[AP-5.1] Estrutura de Repetição: WHILE,2024-12-10 18:43:20,REINALDO
3f3afb7914d3dd2ba9aae53353da89ea,[AP-5.1] Estrutura de Repetição: WHILE,2024-12-13 05:50:49,REINALDO
6de5e6196ce2bd0d670d35c92e07a86e,[AP-5.1] Estrutura de Repetição: WHILE,2025-02-04 12:42:54,REINALDO
9a4b7d8baa5be015dd5ef10073cb17b0,[AP-5.1] Estrutura de Repetição: WHILE,2025-01-27 14:06:23,REINALDO
a8a3353bab00681a3af2a8ac1fdd30cb,[AP-5.1] Estrutura de Repetição: WHILE,2024-12-12 21:35:49,REINALDO
da11bfd131dba4b2cfaf266d57bc7ed0,[AP-5.1] Estrutura de Repetição: WHILE,2024-12-13 15:51:09,REINALDO
a6a860a9902b28ba9007c34d306b75a7,[AP-5.1] Estrutura de Repetição: WHILE,2024-12-12 15:26:52,REINALDO
b6ba397932fff0e953e940d417cd99e2,[AP-5.1] Estrutura de Repetição: WHILE,2024-12-13 16:41:47,REINALDO
8e1a4321c5ae017e199b595daa42d67b,[AP-5.1] Estrutura de Repetição: WHILE,2025-02-12 20:58:45,REINALDO
efeeff47666bf57925197b703147ecdb,[AP-5.1] Estrutura de Repetição: WHILE,2024-12-12 10:15:15,REINALDO
e7bdeffcd4f6b9b543909b9ac27825c7,[AP-5.1] Estrutura de Repetição: WHILE,2024-12-12 13:34:02,REINALDO
0e5ac37a8aa23cdde6b8abfee77ef79c,[T] Estrutura de Repetição: FOR,2024-12-10 18:50:18,REINALDO
cdd8ee189c5d6b06b33fabe138566fca,[T] Estrutura de Repetição: FOR,2024-12-11 15:20:20,REINALDO
b3f036a602d657ed160c1255ff355a47,[T] Estrutura de Repetição: FOR,2024-12-11 21:42:56,REINALDO
c95c523ccac8859e142719c42cfd0253,[T] Estrutura de Repetição: FOR,2024-12-09 16:31:22,REINALDO
3919acaa3651cb0dcad3bb1d32f7c12b,[T] Estrutura de Repetição: FOR,2025-01-28 15:41:22,REINALDO
fca51f6282af24ac9fddc7c3eca867a7,[T] Estrutura de Repetição: FOR,2024-12-15 20:22:07,REINALDO
e879e8c07ec2a6794ee88232702a1b83,[T] Estrutura de Repetição: FOR,2024-12-13 09:47:42,REINALDO
3e7423d5ab36e6f8d555b73d40a71b75,[T] Estrutura de Repetição: FOR,2024-12-08 20:39:53,REINALDO
b8da2ab4fca6f0ac4b6e500fb3b60d8b,[T] Estrutura de Repetição: FOR,2024-12-11 11:54:57,REINALDO
da543c8b53d5691929425fa19b5e0e91,[T] Estrutura de Repetição: FOR,2024-12-12 15:50:12,REINALDO
002e62ce43c4be181c013ea38b664e48,[T] Estrutura de Repetição: FOR,2024-12-10 20:22:25,REINALDO
3ab2130cb5b747fc04a35cdb6032e9c8,[T] Estrutura de Repetição: FOR,2024-12-07 11:47:49,REINALDO
fbfca27cbd005fee8113e841bfd2fe57,[T] Estrutura de Repetição: FOR,2024-12-19 11:55:34,REINALDO
befc12beccc4fefee35f622ff5eebcef,[T] Estrutura de Repetição: FOR,2024-12-10 08:36:57,REINALDO
5054d5b275df188bbc9aa39d3cfa6ad9,[T] Estrutura de Repetição: FOR,2024-12-09 22:08:34,REINALDO
ea3b5101990ff4f57b87551fcd058fd6,[T] Estrutura de Repetição: FOR,2024-12-12 08:35:02,REINALDO
b1c427bcaeb72882833598f3e098cf0b,[T] Estrutura de Repetição: FOR,2024-12-10 18:42:06,REINALDO
3f3afb7914d3dd2ba9aae53353da89ea,[T] Estrutura de Repetição: FOR,2024-12-07 12:55:00,REINALDO
6de5e6196ce2bd0d670d35c92e07a86e,[T] Estrutura de Repetição: FOR,2025-02-04 12:43:08,REINALDO
765dfe23b4760e500c6b5f1d4df23438,[T] Estrutura de Repetição: FOR,2024-12-10 21:58:36,REINALDO
9a4b7d8baa5be015dd5ef10073cb17b0,[T] Estrutura de Repetição: FOR,2024-12-12 16:29:09,REINALDO
15de1b524d874db2f99534844aa2c59b,[T] Estrutura de Repetição: FOR,2025-02-01 08:20:12,REINALDO
5e9eb042b9366cb67ed52efa3c579383,[T] Estrutura de Repetição: FOR,2025-04-05 08:44:37,REINALDO
860cc8bc89a9509fdd8cf7c96dbbe014,[T] Estrutura de Repetição: FOR,2025-01-22 11:50:57,REINALDO
b8560b042dad98b5c17c51d0a1851104,[T] Estrutura de Repetição: FOR,2025-01-31 16:58:18,REINALDO
a8a3353bab00681a3af2a8ac1fdd30cb,[T] Estrutura de Repetição: FOR,2024-12-11 13:21:18,REINALDO
c41f44d7f70d8475acbdcadbaca7e8c9,[T] Estrutura de Repetição: FOR,2024-12-09 09:36:01,REINALDO
052819bca9c2f53d4aacd70d60e8aecf,[T] Estrutura de Repetição: FOR,2024-12-16 21:29:56,REINALDO
e39d6c114d13fb9aadff137f077f9537,[T] Estrutura de Repetição: FOR,2024-12-11 20:01:11,REINALDO
457f67ebcaa87dc3f18f15816541bd9b,[T] Estrutura de Repetição: FOR,2024-12-10 12:06:25,REINALDO
f4821237b6d297f7c3a16c831bc0276e,[T] Estrutura de Repetição: FOR,2025-01-21 19:36:40,REINALDO
da11bfd131dba4b2cfaf266d57bc7ed0,[T] Estrutura de Repetição: FOR,2024-12-13 15:51:11,REINALDO
a6a860a9902b28ba9007c34d306b75a7,[T] Estrutura de Repetição: FOR,2024-12-12 16:01:18,REINALDO
855f7c3e3ceed183001bf3ca81f5834e,[T] Estrutura de Repetição: FOR,2024-12-09 12:28:33,REINALDO
b6ba397932fff0e953e940d417cd99e2,[T] Estrutura de Repetição: FOR,2024-12-12 10:42:03,REINALDO
8e1a4321c5ae017e199b595daa42d67b,[T] Estrutura de Repetição: FOR,2024-12-10 18:53:44,REINALDO
51e24445c9a11304892c7a2abf53e31c,[T] Estrutura de Repetição: FOR,2025-01-30 16:14:04,REINALDO
eb65b2a1007addba0c618445f4aa5375,[T] Estrutura de Repetição: FOR,2025-01-31 21:05:55,REINALDO
fb44a1909303ed9f47c402531e17d0f5,[T] Estrutura de Repetição: FOR,2024-12-11 19:11:19,REINALDO
e7bdeffcd4f6b9b543909b9ac27825c7,[T] Estrutura de Repetição: FOR,2024-12-06 16:48:11,REINALDO
0e5ac37a8aa23cdde6b8abfee77ef79c,Material complementar - Videoaula: Estrutura de Repetição: FOR (69 min),2024-12-21 14:01:34,REINALDO
b3f036a602d657ed160c1255ff355a47,Material complementar - Videoaula: Estrutura de Repetição: FOR (69 min),2025-01-21 10:41:02,REINALDO
012a09f6b298d56460be243574f15daf,Material complementar - Videoaula: Estrutura de Repetição: FOR (69 min),2024-12-16 13:22:42,REINALDO
36bb769a7b2935e3b3f20d1cced21c7b,Material complementar - Videoaula: Estrutura de Repetição: FOR (69 min),2025-03-18 20:03:00,REINALDO
fca51f6282af24ac9fddc7c3eca867a7,Material complementar - Videoaula: Estrutura de Repetição: FOR (69 min),2024-12-15 20:22:54,REINALDO
fb97d198313bfe921af2996f7a43311d,Material complementar - Videoaula: Estrutura de Repetição: FOR (69 min),2024-12-19 15:28:25,REINALDO
d1db8058b644c60517623865be574313,Material complementar - Videoaula: Estrutura de Repetição: FOR (69 min),2025-01-29 19:53:58,REINALDO
da543c8b53d5691929425fa19b5e0e91,Material complementar - Videoaula: Estrutura de Repetição: FOR (69 min),2024-12-19 15:16:57,REINALDO
f2b686eee45ef20d512bdd5975dd12c8,Material complementar - Videoaula: Estrutura de Repetição: FOR (69 min),2025-01-14 13:20:06,REINALDO
fbfca27cbd005fee8113e841bfd2fe57,Material complementar - Videoaula: Estrutura de Repetição: FOR (69 min),2025-02-04 15:12:43,REINALDO
befc12beccc4fefee35f622ff5eebcef,Material complementar - Videoaula: Estrutura de Repetição: FOR (69 min),2024-12-16 20:27:48,REINALDO
ef76d40add2d76243a11e1f42ab166f0,Material complementar - Videoaula: Estrutura de Repetição: FOR (69 min),2024-12-18 22:55:50,REINALDO
a295f698a6e337dc3a28521631173fcc,Material complementar - Videoaula: Estrutura de Repetição: FOR (69 min),2025-01-31 22:04:52,REINALDO
ea3b5101990ff4f57b87551fcd058fd6,Material complementar - Videoaula: Estrutura de Repetição: FOR (69 min),2025-01-31 21:49:57,REINALDO
e257be593331a536f5b5480403468567,Material complementar - Videoaula: Estrutura de Repetição: FOR (69 min),2025-02-01 08:11:50,REINALDO
121fb2c61337b6216bec1cd21de663a9,Material complementar - Videoaula: Estrutura de Repetição: FOR (69 min),2025-03-09 10:10:36,REINALDO
b1c427bcaeb72882833598f3e098cf0b,Material complementar - Videoaula: Estrutura de Repetição: FOR (69 min),2025-01-21 18:38:48,REINALDO
3d1220486a6a135a8fe0057a0109a6c4,Material complementar - Videoaula: Estrutura de Repetição: FOR (69 min),2024-12-18 22:34:03,REINALDO
6de5e6196ce2bd0d670d35c92e07a86e,Material complementar - Videoaula: Estrutura de Repetição: FOR (69 min),2025-02-04 12:43:04,REINALDO
9a4b7d8baa5be015dd5ef10073cb17b0,Material complementar - Videoaula: Estrutura de Repetição: FOR (69 min),2025-01-27 14:07:01,REINALDO
15de1b524d874db2f99534844aa2c59b,Material complementar - Videoaula: Estrutura de Repetição: FOR (69 min),2024-12-17 14:11:40,REINALDO
860cc8bc89a9509fdd8cf7c96dbbe014,Material complementar - Videoaula: Estrutura de Repetição: FOR (69 min),2024-12-17 13:57:49,REINALDO
a8a3353bab00681a3af2a8ac1fdd30cb,Material complementar - Videoaula: Estrutura de Repetição: FOR (69 min),2024-12-19 13:07:03,REINALDO
da11bfd131dba4b2cfaf266d57bc7ed0,Material complementar - Videoaula: Estrutura de Repetição: FOR (69 min),2025-01-02 17:05:20,REINALDO
a6a860a9902b28ba9007c34d306b75a7,Material complementar - Videoaula: Estrutura de Repetição: FOR (69 min),2024-12-16 09:17:45,REINALDO
b6ba397932fff0e953e940d417cd99e2,Material complementar - Videoaula: Estrutura de Repetição: FOR (69 min),2024-12-16 21:34:07,REINALDO
8e1a4321c5ae017e199b595daa42d67b,Material complementar - Videoaula: Estrutura de Repetição: FOR (69 min),2024-12-19 15:25:26,REINALDO
51e24445c9a11304892c7a2abf53e31c,Material complementar - Videoaula: Estrutura de Repetição: FOR (69 min),2025-02-21 20:31:40,REINALDO
fb44a1909303ed9f47c402531e17d0f5,Material complementar - Videoaula: Estrutura de Repetição: FOR (69 min),2025-02-04 15:25:53,REINALDO
e7bdeffcd4f6b9b543909b9ac27825c7,Material complementar - Videoaula: Estrutura de Repetição: FOR (69 min),2024-12-16 18:13:10,REINALDO
0e5ac37a8aa23cdde6b8abfee77ef79c,[AP-5.2] Estrutura de Repetição: FOR,2024-12-21 13:50:35,REINALDO
6d86e37dea245adf7bb1ab3780cfb6c6,[AP-5.2] Estrutura de Repetição: FOR,2025-01-29 18:56:24,REINALDO
b3f036a602d657ed160c1255ff355a47,[AP-5.2] Estrutura de Repetição: FOR,2025-01-21 10:41:04,REINALDO
3919acaa3651cb0dcad3bb1d32f7c12b,[AP-5.2] Estrutura de Repetição: FOR,2025-01-31 12:47:43,REINALDO
23b16a693c147e2240dba2d2295ee0b5,[AP-5.2] Estrutura de Repetição: FOR,2025-03-20 12:28:59,REINALDO
36bb769a7b2935e3b3f20d1cced21c7b,[AP-5.2] Estrutura de Repetição: FOR,2025-03-18 20:03:06,REINALDO
de72f5a62974ffa3f0e47a5aec2273e2,[AP-5.2] Estrutura de Repetição: FOR,2025-01-31 14:57:26,REINALDO
d1db8058b644c60517623865be574313,[AP-5.2] Estrutura de Repetição: FOR,2025-01-29 19:54:18,REINALDO
8c48db400a22bd2b95733ff7f842f5e4,[AP-5.2] Estrutura de Repetição: FOR,2025-04-04 23:39:24,REINALDO
b8da2ab4fca6f0ac4b6e500fb3b60d8b,[AP-5.2] Estrutura de Repetição: FOR,2025-04-04 20:46:24,REINALDO
b095d481ee999b9ea64095b3f5f6c777,[AP-5.2] Estrutura de Repetição: FOR,2025-01-29 13:34:26,REINALDO
fbfca27cbd005fee8113e841bfd2fe57,[AP-5.2] Estrutura de Repetição: FOR,2025-02-04 15:12:39,REINALDO
befc12beccc4fefee35f622ff5eebcef,[AP-5.2] Estrutura de Repetição: FOR,2024-12-16 20:27:43,REINALDO
a295f698a6e337dc3a28521631173fcc,[AP-5.2] Estrutura de Repetição: FOR,2025-01-30 23:36:13,REINALDO
ea3b5101990ff4f57b87551fcd058fd6,[AP-5.2] Estrutura de Repetição: FOR,2024-12-22 17:29:27,REINALDO
e257be593331a536f5b5480403468567,[AP-5.2] Estrutura de Repetição: FOR,2025-02-01 08:11:59,REINALDO
b1c427bcaeb72882833598f3e098cf0b,[AP-5.2] Estrutura de Repetição: FOR,2025-01-21 18:38:52,REINALDO
dfecdda0c894de9914ff72bbd4e0d5e2,[AP-5.2] Estrutura de Repetição: FOR,2025-01-16 18:50:00,REINALDO
3f3afb7914d3dd2ba9aae53353da89ea,[AP-5.2] Estrutura de Repetição: FOR,2024-12-17 09:22:31,REINALDO
6de5e6196ce2bd0d670d35c92e07a86e,[AP-5.2] Estrutura de Repetição: FOR,2025-02-04 12:43:11,REINALDO
765dfe23b4760e500c6b5f1d4df23438,[AP-5.2] Estrutura de Repetição: FOR,2025-01-28 22:03:32,REINALDO
9a4b7d8baa5be015dd5ef10073cb17b0,[AP-5.2] Estrutura de Repetição: FOR,2024-12-18 10:23:08,REINALDO
860cc8bc89a9509fdd8cf7c96dbbe014,[AP-5.2] Estrutura de Repetição: FOR,2024-12-21 09:50:43,REINALDO
b8560b042dad98b5c17c51d0a1851104,[AP-5.2] Estrutura de Repetição: FOR,2025-02-01 08:38:19,REINALDO
d44a0414ac013e7277f55703057b9892,[AP-5.2] Estrutura de Repetição: FOR,2025-01-20 10:41:22,REINALDO
266d3bccc5f5343cac682f8d19e2b13f,[AP-5.2] Estrutura de Repetição: FOR,2025-01-30 16:14:07,REINALDO
f4821237b6d297f7c3a16c831bc0276e,[AP-5.2] Estrutura de Repetição: FOR,2025-02-01 13:35:27,REINALDO
a6a860a9902b28ba9007c34d306b75a7,[AP-5.2] Estrutura de Repetição: FOR,2025-01-27 08:17:04,REINALDO
855f7c3e3ceed183001bf3ca81f5834e,[AP-5.2] Estrutura de Repetição: FOR,2025-01-30 19:31:51,REINALDO
b6ba397932fff0e953e940d417cd99e2,[AP-5.2] Estrutura de Repetição: FOR,2024-12-16 21:34:11,REINALDO
8e1a4321c5ae017e199b595daa42d67b,[AP-5.2] Estrutura de Repetição: FOR,2025-02-12 20:58:59,REINALDO
4df8dba9c655186ad3aa6ee2431d944d,[AP-5.2] Estrutura de Repetição: FOR,2025-01-31 20:47:10,REINALDO
fb44a1909303ed9f47c402531e17d0f5,[AP-5.2] Estrutura de Repetição: FOR,2025-02-04 15:25:54,REINALDO
e7bdeffcd4f6b9b543909b9ac27825c7,[AP-5.2] Estrutura de Repetição: FOR,2024-12-16 17:41:29,REINALDO
77483b77880073df98af468feb2389be,[AP-5.2] Estrutura de Repetição: FOR,2025-03-28 21:13:47,REINALDO
0e5ac37a8aa23cdde6b8abfee77ef79c,[T] Estrutura de Repetição - Laços Aninhados,2025-01-21 08:43:57,REINALDO
b3f036a602d657ed160c1255ff355a47,[T] Estrutura de Repetição - Laços Aninhados,2025-01-21 10:41:03,REINALDO
c95c523ccac8859e142719c42cfd0253,[T] Estrutura de Repetição - Laços Aninhados,2024-12-16 19:30:04,REINALDO
3919acaa3651cb0dcad3bb1d32f7c12b,[T] Estrutura de Repetição - Laços Aninhados,2025-01-31 20:01:17,REINALDO
36bb769a7b2935e3b3f20d1cced21c7b,[T] Estrutura de Repetição - Laços Aninhados,2025-03-19 12:56:53,REINALDO
fca51f6282af24ac9fddc7c3eca867a7,[T] Estrutura de Repetição - Laços Aninhados,2025-02-10 15:09:57,REINALDO
d1db8058b644c60517623865be574313,[T] Estrutura de Repetição - Laços Aninhados,2025-02-05 15:03:51,REINALDO
5f8862379a5fb116b1fe429edba82a09,[T] Estrutura de Repetição - Laços Aninhados,2025-01-28 07:36:17,REINALDO
da543c8b53d5691929425fa19b5e0e91,[T] Estrutura de Repetição - Laços Aninhados,2024-12-19 15:17:27,REINALDO
fbfca27cbd005fee8113e841bfd2fe57,[T] Estrutura de Repetição - Laços Aninhados,2025-02-04 15:12:37,REINALDO
befc12beccc4fefee35f622ff5eebcef,[T] Estrutura de Repetição - Laços Aninhados,2024-12-16 20:27:56,REINALDO
ef76d40add2d76243a11e1f42ab166f0,[T] Estrutura de Repetição - Laços Aninhados,2024-12-18 23:25:31,REINALDO
b1c427bcaeb72882833598f3e098cf0b,[T] Estrutura de Repetição - Laços Aninhados,2025-01-21 18:38:55,REINALDO
3f3afb7914d3dd2ba9aae53353da89ea,[T] Estrutura de Repetição - Laços Aninhados,2024-12-16 21:04:47,REINALDO
6de5e6196ce2bd0d670d35c92e07a86e,[T] Estrutura de Repetição - Laços Aninhados,2025-02-04 12:43:13,REINALDO
9a4b7d8baa5be015dd5ef10073cb17b0,[T] Estrutura de Repetição - Laços Aninhados,2025-01-27 14:07:17,REINALDO
15de1b524d874db2f99534844aa2c59b,[T] Estrutura de Repetição - Laços Aninhados,2024-12-24 20:38:06,REINALDO
b8560b042dad98b5c17c51d0a1851104,[T] Estrutura de Repetição - Laços Aninhados,2025-03-19 13:05:06,REINALDO
f4821237b6d297f7c3a16c831bc0276e,[T] Estrutura de Repetição - Laços Aninhados,2025-01-21 19:36:03,REINALDO
da11bfd131dba4b2cfaf266d57bc7ed0,[T] Estrutura de Repetição - Laços Aninhados,2025-01-02 17:05:22,REINALDO
a6a860a9902b28ba9007c34d306b75a7,[T] Estrutura de Repetição - Laços Aninhados,2025-01-27 09:04:52,REINALDO
855f7c3e3ceed183001bf3ca81f5834e,[T] Estrutura de Repetição - Laços Aninhados,2025-03-28 22:04:44,REINALDO
b6ba397932fff0e953e940d417cd99e2,[T] Estrutura de Repetição - Laços Aninhados,2024-12-16 21:34:08,REINALDO
8e1a4321c5ae017e199b595daa42d67b,[T] Estrutura de Repetição - Laços Aninhados,2025-02-12 20:59:03,REINALDO
efeeff47666bf57925197b703147ecdb,[T] Estrutura de Repetição - Laços Aninhados,2025-01-10 23:17:45,REINALDO
51e24445c9a11304892c7a2abf53e31c,[T] Estrutura de Repetição - Laços Aninhados,2025-02-21 20:23:51,REINALDO
fb44a1909303ed9f47c402531e17d0f5,[T] Estrutura de Repetição - Laços Aninhados,2025-02-04 15:25:56,REINALDO
e7bdeffcd4f6b9b543909b9ac27825c7,[T] Estrutura de Repetição - Laços Aninhados,2024-12-16 18:13:12,REINALDO
0e5ac37a8aa23cdde6b8abfee77ef79c,Material complementar - Videoaula: Estrutura de Repetição: Laços Aninhados (46 min),2025-02-06 19:02:26,REINALDO
b3f036a602d657ed160c1255ff355a47,Material complementar - Videoaula: Estrutura de Repetição: Laços Aninhados (46 min),2025-02-06 14:25:38,REINALDO
36bb769a7b2935e3b3f20d1cced21c7b,Material complementar - Videoaula: Estrutura de Repetição: Laços Aninhados (46 min),2025-02-06 10:22:52,REINALDO
fca51f6282af24ac9fddc7c3eca867a7,Material complementar - Videoaula: Estrutura de Repetição: Laços Aninhados (46 min),2025-02-10 15:10:19,REINALDO
d1db8058b644c60517623865be574313,Material complementar - Videoaula: Estrutura de Repetição: Laços Aninhados (46 min),2025-02-05 15:04:17,REINALDO
5f8862379a5fb116b1fe429edba82a09,Material complementar - Videoaula: Estrutura de Repetição: Laços Aninhados (46 min),2025-02-06 14:34:02,REINALDO
da543c8b53d5691929425fa19b5e0e91,Material complementar - Videoaula: Estrutura de Repetição: Laços Aninhados (46 min),2025-02-04 19:55:49,REINALDO
fbfca27cbd005fee8113e841bfd2fe57,Material complementar - Videoaula: Estrutura de Repetição: Laços Aninhados (46 min),2025-02-04 15:12:35,REINALDO
befc12beccc4fefee35f622ff5eebcef,Material complementar - Videoaula: Estrutura de Repetição: Laços Aninhados (46 min),2025-02-03 11:34:17,REINALDO
ef76d40add2d76243a11e1f42ab166f0,Material complementar - Videoaula: Estrutura de Repetição: Laços Aninhados (46 min),2025-02-06 14:23:59,REINALDO
e257be593331a536f5b5480403468567,Material complementar - Videoaula: Estrutura de Repetição: Laços Aninhados (46 min),2025-02-06 14:30:15,REINALDO
121fb2c61337b6216bec1cd21de663a9,Material complementar - Videoaula: Estrutura de Repetição: Laços Aninhados (46 min),2025-03-09 10:10:42,REINALDO
b1c427bcaeb72882833598f3e098cf0b,Material complementar - Videoaula: Estrutura de Repetição: Laços Aninhados (46 min),2025-02-17 13:48:06,REINALDO
d1d631d5ec3b668a54762a0428c4c58e,Material complementar - Videoaula: Estrutura de Repetição: Laços Aninhados (46 min),2025-02-09 17:55:31,REINALDO
3d1220486a6a135a8fe0057a0109a6c4,Material complementar - Videoaula: Estrutura de Repetição: Laços Aninhados (46 min),2025-02-06 13:00:07,REINALDO
6de5e6196ce2bd0d670d35c92e07a86e,Material complementar - Videoaula: Estrutura de Repetição: Laços Aninhados (46 min),2025-02-04 12:43:18,REINALDO
9a4b7d8baa5be015dd5ef10073cb17b0,Material complementar - Videoaula: Estrutura de Repetição: Laços Aninhados (46 min),2025-02-06 15:25:50,REINALDO
b6ba397932fff0e953e940d417cd99e2,Material complementar - Videoaula: Estrutura de Repetição: Laços Aninhados (46 min),2025-02-03 17:57:19,REINALDO
8e1a4321c5ae017e199b595daa42d67b,Material complementar - Videoaula: Estrutura de Repetição: Laços Aninhados (46 min),2025-02-12 20:59:08,REINALDO
51e24445c9a11304892c7a2abf53e31c,Material complementar - Videoaula: Estrutura de Repetição: Laços Aninhados (46 min),2025-02-21 20:31:02,REINALDO
eb65b2a1007addba0c618445f4aa5375,Material complementar - Videoaula: Estrutura de Repetição: Laços Aninhados (46 min),2025-02-06 16:13:20,REINALDO
fb44a1909303ed9f47c402531e17d0f5,Material complementar - Videoaula: Estrutura de Repetição: Laços Aninhados (46 min),2025-02-04 15:25:58,REINALDO
e7bdeffcd4f6b9b543909b9ac27825c7,Material complementar - Videoaula: Estrutura de Repetição: Laços Aninhados (46 min),2025-02-04 21:06:37,REINALDO
0e5ac37a8aa23cdde6b8abfee77ef79c,[AP-5.3] Estrutura de Repetição - Laços Aninhados,2025-02-09 19:21:15,REINALDO
6d86e37dea245adf7bb1ab3780cfb6c6,[AP-5.3] Estrutura de Repetição - Laços Aninhados,2025-03-29 07:12:47,REINALDO
b3f036a602d657ed160c1255ff355a47,[AP-5.3] Estrutura de Repetição - Laços Aninhados,2025-02-06 14:33:45,REINALDO
d1db8058b644c60517623865be574313,[AP-5.3] Estrutura de Repetição - Laços Aninhados,2025-02-06 14:47:53,REINALDO
8c48db400a22bd2b95733ff7f842f5e4,[AP-5.3] Estrutura de Repetição - Laços Aninhados,2025-04-04 23:39:39,REINALDO
da543c8b53d5691929425fa19b5e0e91,[AP-5.3] Estrutura de Repetição - Laços Aninhados,2025-02-04 19:48:25,REINALDO
fbfca27cbd005fee8113e841bfd2fe57,[AP-5.3] Estrutura de Repetição - Laços Aninhados,2025-02-04 15:12:32,REINALDO
befc12beccc4fefee35f622ff5eebcef,[AP-5.3] Estrutura de Repetição - Laços Aninhados,2025-02-03 11:34:36,REINALDO
a295f698a6e337dc3a28521631173fcc,[AP-5.3] Estrutura de Repetição - Laços Aninhados,2025-03-22 11:14:24,REINALDO
b1c427bcaeb72882833598f3e098cf0b,[AP-5.3] Estrutura de Repetição - Laços Aninhados,2025-02-17 13:48:15,REINALDO
d1d631d5ec3b668a54762a0428c4c58e,[AP-5.3] Estrutura de Repetição - Laços Aninhados,2025-02-06 15:17:17,REINALDO
3f3afb7914d3dd2ba9aae53353da89ea,[AP-5.3] Estrutura de Repetição - Laços Aninhados,2025-02-06 18:04:21,REINALDO
b884e62b11a6466b93c7b06fc9dba840,[AP-5.3] Estrutura de Repetição - Laços Aninhados,2025-02-08 20:28:07,REINALDO
d44a0414ac013e7277f55703057b9892,[AP-5.3] Estrutura de Repetição - Laços Aninhados,2025-02-05 13:51:09,REINALDO
266d3bccc5f5343cac682f8d19e2b13f,[AP-5.3] Estrutura de Repetição - Laços Aninhados,2025-02-10 16:49:32,REINALDO
b20323b234db56957e7e8cfd2b41634c,[AP-5.3] Estrutura de Repetição - Laços Aninhados,2025-02-06 11:00:18,REINALDO
f4821237b6d297f7c3a16c831bc0276e,[AP-5.3] Estrutura de Repetição - Laços Aninhados,2025-02-04 15:07:10,REINALDO
855f7c3e3ceed183001bf3ca81f5834e,[AP-5.3] Estrutura de Repetição - Laços Aninhados,2025-02-07 16:28:47,REINALDO
b6ba397932fff0e953e940d417cd99e2,[AP-5.3] Estrutura de Repetição - Laços Aninhados,2025-02-03 17:58:09,REINALDO
8e1a4321c5ae017e199b595daa42d67b,[AP-5.3] Estrutura de Repetição - Laços Aninhados,2025-02-12 20:59:10,REINALDO
fb44a1909303ed9f47c402531e17d0f5,[AP-5.3] Estrutura de Repetição - Laços Aninhados,2025-02-04 15:25:59,REINALDO
e7bdeffcd4f6b9b543909b9ac27825c7,[AP-5.3] Estrutura de Repetição - Laços Aninhados,2025-02-04 21:08:31,REINALDO
77483b77880073df98af468feb2389be,[AP-5.3] Estrutura de Repetição - Laços Aninhados,2025-03-28 23:02:07,REINALDO
0e5ac37a8aa23cdde6b8abfee77ef79c,[T] Implementação de Funções,2025-02-04 13:47:24,REINALDO
36bb769a7b2935e3b3f20d1cced21c7b,[T] Implementação de Funções,2025-02-06 10:22:32,REINALDO
d1db8058b644c60517623865be574313,[T] Implementação de Funções,2025-02-06 14:47:42,REINALDO
5f8862379a5fb116b1fe429edba82a09,[T] Implementação de Funções,2025-02-06 14:33:26,REINALDO
da543c8b53d5691929425fa19b5e0e91,[T] Implementação de Funções,2025-02-04 19:44:47,REINALDO
fbfca27cbd005fee8113e841bfd2fe57,[T] Implementação de Funções,2025-02-04 15:12:26,REINALDO
befc12beccc4fefee35f622ff5eebcef,[T] Implementação de Funções,2025-02-03 11:34:58,REINALDO
ef76d40add2d76243a11e1f42ab166f0,[T] Implementação de Funções,2025-02-06 14:23:52,REINALDO
e257be593331a536f5b5480403468567,[T] Implementação de Funções,2025-02-06 14:48:50,REINALDO
b1c427bcaeb72882833598f3e098cf0b,[T] Implementação de Funções,2025-02-05 16:04:59,REINALDO
d1d631d5ec3b668a54762a0428c4c58e,[T] Implementação de Funções,2025-02-06 15:17:20,REINALDO
da11bfd131dba4b2cfaf266d57bc7ed0,[T] Implementação de Funções,2025-02-10 13:05:02,REINALDO
b6ba397932fff0e953e940d417cd99e2,[T] Implementação de Funções,2025-02-03 17:57:36,REINALDO
8e1a4321c5ae017e199b595daa42d67b,[T] Implementação de Funções,2025-02-12 20:59:15,REINALDO
fb44a1909303ed9f47c402531e17d0f5,[T] Implementação de Funções,2025-02-04 15:26:00,REINALDO
e7bdeffcd4f6b9b543909b9ac27825c7,[T] Implementação de Funções,2025-02-04 21:09:49,REINALDO
befc12beccc4fefee35f622ff5eebcef,Material complementar - Videoaula: Implementação de Funções (57 min),2025-03-27 20:24:24,REINALDO
5054d5b275df188bbc9aa39d3cfa6ad9,Material complementar - Videoaula: Implementação de Funções (57 min),2025-03-23 14:54:08,REINALDO
ea3b5101990ff4f57b87551fcd058fd6,Material complementar - Videoaula: Implementação de Funções (57 min),2025-03-21 20:55:07,REINALDO
b1c427bcaeb72882833598f3e098cf0b,Material complementar - Videoaula: Implementação de Funções (57 min),2025-02-17 13:47:32,REINALDO
b6ba397932fff0e953e940d417cd99e2,Material complementar - Videoaula: Implementação de Funções (57 min),2025-03-07 18:19:27,REINALDO
8e1a4321c5ae017e199b595daa42d67b,Material complementar - Videoaula: Implementação de Funções (57 min),2025-02-12 20:58:53,REINALDO
e7bdeffcd4f6b9b543909b9ac27825c7,Material complementar - Videoaula: Implementação de Funções (57 min),2025-02-11 14:32:24,REINALDO
da543c8b53d5691929425fa19b5e0e91,[AP-6.1] Implementação de Funções,2025-02-16 14:49:19,REINALDO
befc12beccc4fefee35f622ff5eebcef,[AP-6.1] Implementação de Funções,2025-03-27 20:24:25,REINALDO
5054d5b275df188bbc9aa39d3cfa6ad9,[AP-6.1] Implementação de Funções,2025-03-23 14:54:08,REINALDO
ea3b5101990ff4f57b87551fcd058fd6,[AP-6.1] Implementação de Funções,2025-03-21 20:55:08,REINALDO
b1c427bcaeb72882833598f3e098cf0b,[AP-6.1] Implementação de Funções,2025-02-17 13:47:33,REINALDO
b6ba397932fff0e953e940d417cd99e2,[AP-6.1] Implementação de Funções,2025-03-07 18:19:27,REINALDO
8e1a4321c5ae017e199b595daa42d67b,[AP-6.1] Implementação de Funções,2025-02-12 20:58:53,REINALDO
e7bdeffcd4f6b9b543909b9ac27825c7,[AP-6.1] Implementação de Funções,2025-02-11 14:32:31,REINALDO
befc12beccc4fefee35f622ff5eebcef,[AP-6.2] Implementação de Funções,2025-03-27 20:24:25,REINALDO
5054d5b275df188bbc9aa39d3cfa6ad9,[AP-6.2] Implementação de Funções,2025-03-23 14:54:09,REINALDO
ea3b5101990ff4f57b87551fcd058fd6,[AP-6.2] Implementação de Funções,2025-03-28 09:46:54,REINALDO
b1c427bcaeb72882833598f3e098cf0b,[AP-6.2] Implementação de Funções,2025-03-27 10:37:54,REINALDO
b6ba397932fff0e953e940d417cd99e2,[AP-6.2] Implementação de Funções,2025-03-07 18:19:28,REINALDO
8e1a4321c5ae017e199b595daa42d67b,[AP-6.2] Implementação de Funções,2025-02-12 20:58:54,REINALDO
e7bdeffcd4f6b9b543909b9ac27825c7,[AP-6.2] Implementação de Funções,2025-02-11 14:32:32,REINALDO
befc12beccc4fefee35f622ff5eebcef,Biblioteca padrão para Vetores e Matrizes,2025-03-27 20:24:26,REINALDO
5054d5b275df188bbc9aa39d3cfa6ad9,Biblioteca padrão para Vetores e Matrizes,2025-03-23 14:54:09,REINALDO
ea3b5101990ff4f57b87551fcd058fd6,Biblioteca padrão para Vetores e Matrizes,2025-03-28 09:46:55,REINALDO
b1c427bcaeb72882833598f3e098cf0b,Biblioteca padrão para Vetores e Matrizes,2025-02-17 13:47:35,REINALDO
b6ba397932fff0e953e940d417cd99e2,Biblioteca padrão para Vetores e Matrizes,2025-03-07 18:19:29,REINALDO
8e1a4321c5ae017e199b595daa42d67b,Biblioteca padrão para Vetores e Matrizes,2025-02-12 20:58:54,REINALDO
e7bdeffcd4f6b9b543909b9ac27825c7,Biblioteca padrão para Vetores e Matrizes,2025-02-11 14:32:33,REINALDO
6d86e37dea245adf7bb1ab3780cfb6c6,[T] Estruturas Homogêneas: VETOR,2025-03-25 21:20:32,REINALDO
3919acaa3651cb0dcad3bb1d32f7c12b,[T] Estruturas Homogêneas: VETOR,2025-02-27 13:50:00,REINALDO
fb97d198313bfe921af2996f7a43311d,[T] Estruturas Homogêneas: VETOR,2025-04-02 20:46:58,REINALDO
befc12beccc4fefee35f622ff5eebcef,[T] Estruturas Homogêneas: VETOR,2025-03-27 20:24:06,REINALDO
5054d5b275df188bbc9aa39d3cfa6ad9,[T] Estruturas Homogêneas: VETOR,2025-03-23 14:53:59,REINALDO
ea3b5101990ff4f57b87551fcd058fd6,[T] Estruturas Homogêneas: VETOR,2025-03-27 10:11:46,REINALDO
b1c427bcaeb72882833598f3e098cf0b,[T] Estruturas Homogêneas: VETOR,2025-02-25 11:14:24,REINALDO
9a4b7d8baa5be015dd5ef10073cb17b0,[T] Estruturas Homogêneas: VETOR,2025-03-13 16:26:15,REINALDO
a8a3353bab00681a3af2a8ac1fdd30cb,[T] Estruturas Homogêneas: VETOR,2025-03-03 16:48:25,REINALDO
8e1a4321c5ae017e199b595daa42d67b,[T] Estruturas Homogêneas: VETOR,2025-03-28 21:56:51,REINALDO
e7bdeffcd4f6b9b543909b9ac27825c7,[T] Estruturas Homogêneas: VETOR,2025-02-27 10:24:35,REINALDO
befc12beccc4fefee35f622ff5eebcef,Material complementar - Videoaula: Estruturas Homogêneas: VETOR (100 min),2025-03-27 20:24:09,REINALDO
5054d5b275df188bbc9aa39d3cfa6ad9,Material complementar - Videoaula: Estruturas Homogêneas: VETOR (100 min),2025-03-23 14:54:00,REINALDO
ea3b5101990ff4f57b87551fcd058fd6,Material complementar - Videoaula: Estruturas Homogêneas: VETOR (100 min),2025-03-27 10:11:49,REINALDO
b1c427bcaeb72882833598f3e098cf0b,Material complementar - Videoaula: Estruturas Homogêneas: VETOR (100 min),2025-02-25 11:14:25,REINALDO
9a4b7d8baa5be015dd5ef10073cb17b0,Material complementar - Videoaula: Estruturas Homogêneas: VETOR (100 min),2025-03-13 16:26:14,REINALDO
b6ba397932fff0e953e940d417cd99e2,Material complementar - Videoaula: Estruturas Homogêneas: VETOR (100 min),2025-03-07 18:22:48,REINALDO
8e1a4321c5ae017e199b595daa42d67b,Material complementar - Videoaula: Estruturas Homogêneas: VETOR (100 min),2025-02-27 15:29:31,REINALDO
e7bdeffcd4f6b9b543909b9ac27825c7,Material complementar - Videoaula: Estruturas Homogêneas: VETOR (100 min),2025-02-27 10:24:36,REINALDO
befc12beccc4fefee35f622ff5eebcef,[AP-7.1] Estrutura Homogênea - VETOR,2025-03-27 20:24:09,REINALDO
5054d5b275df188bbc9aa39d3cfa6ad9,[AP-7.1] Estrutura Homogênea - VETOR,2025-03-23 14:54:02,REINALDO
ea3b5101990ff4f57b87551fcd058fd6,[AP-7.1] Estrutura Homogênea - VETOR,2025-03-27 10:11:50,REINALDO
b1c427bcaeb72882833598f3e098cf0b,[AP-7.1] Estrutura Homogênea - VETOR,2025-02-25 11:14:26,REINALDO
9a4b7d8baa5be015dd5ef10073cb17b0,[AP-7.1] Estrutura Homogênea - VETOR,2025-03-13 16:26:14,REINALDO
b20323b234db56957e7e8cfd2b41634c,[AP-7.1] Estrutura Homogênea - VETOR,2025-03-10 01:47:02,REINALDO
855f7c3e3ceed183001bf3ca81f5834e,[AP-7.1] Estrutura Homogênea - VETOR,2025-03-29 08:54:20,REINALDO
b6ba397932fff0e953e940d417cd99e2,[AP-7.1] Estrutura Homogênea - VETOR,2025-03-07 18:22:49,REINALDO
8e1a4321c5ae017e199b595daa42d67b,[AP-7.1] Estrutura Homogênea - VETOR,2025-03-28 21:56:48,REINALDO
e7bdeffcd4f6b9b543909b9ac27825c7,[AP-7.1] Estrutura Homogênea - VETOR,2025-02-27 10:24:37,REINALDO
befc12beccc4fefee35f622ff5eebcef,[AP-7.2] Estrutura Homogênea - VETOR,2025-03-27 20:24:10,REINALDO
5054d5b275df188bbc9aa39d3cfa6ad9,[AP-7.2] Estrutura Homogênea - VETOR,2025-03-23 14:54:02,REINALDO
ea3b5101990ff4f57b87551fcd058fd6,[AP-7.2] Estrutura Homogênea - VETOR,2025-03-28 09:47:03,REINALDO
b1c427bcaeb72882833598f3e098cf0b,[AP-7.2] Estrutura Homogênea - VETOR,2025-02-25 11:14:27,REINALDO
9a4b7d8baa5be015dd5ef10073cb17b0,[AP-7.2] Estrutura Homogênea - VETOR,2025-03-13 16:26:13,REINALDO
b6ba397932fff0e953e940d417cd99e2,[AP-7.2] Estrutura Homogênea - VETOR,2025-03-07 18:22:50,REINALDO
8e1a4321c5ae017e199b595daa42d67b,[AP-7.2] Estrutura Homogênea - VETOR,2025-03-28 21:56:49,REINALDO
e7bdeffcd4f6b9b543909b9ac27825c7,[AP-7.2] Estrutura Homogênea - VETOR,2025-02-27 10:24:37,REINALDO
befc12beccc4fefee35f622ff5eebcef,[T] Estruturas Homogêneas: MATRIZ,2025-03-27 20:24:12,REINALDO
5054d5b275df188bbc9aa39d3cfa6ad9,[T] Estruturas Homogêneas: MATRIZ,2025-03-23 14:54:03,REINALDO
ea3b5101990ff4f57b87551fcd058fd6,[T] Estruturas Homogêneas: MATRIZ,2025-03-28 09:47:04,REINALDO
b1c427bcaeb72882833598f3e098cf0b,[T] Estruturas Homogêneas: MATRIZ,2025-02-25 11:14:27,REINALDO
9a4b7d8baa5be015dd5ef10073cb17b0,[T] Estruturas Homogêneas: MATRIZ,2025-03-13 16:26:13,REINALDO
b6ba397932fff0e953e940d417cd99e2,[T] Estruturas Homogêneas: MATRIZ,2025-03-07 18:22:51,REINALDO
8e1a4321c5ae017e199b595daa42d67b,[T] Estruturas Homogêneas: MATRIZ,2025-03-28 21:56:49,REINALDO
e7bdeffcd4f6b9b543909b9ac27825c7,[T] Estruturas Homogêneas: MATRIZ,2025-02-27 10:24:38,REINALDO
fca51f6282af24ac9fddc7c3eca867a7,Material complementar - Videoaula: Estruturas Homogêneas: MATRIZ (61 min),2025-03-27 14:44:36,REINALDO
befc12beccc4fefee35f622ff5eebcef,Material complementar - Videoaula: Estruturas Homogêneas: MATRIZ (61 min),2025-03-27 20:24:14,REINALDO
5054d5b275df188bbc9aa39d3cfa6ad9,Material complementar - Videoaula: Estruturas Homogêneas: MATRIZ (61 min),2025-03-23 14:54:03,REINALDO
ea3b5101990ff4f57b87551fcd058fd6,Material complementar - Videoaula: Estruturas Homogêneas: MATRIZ (61 min),2025-03-28 09:47:06,REINALDO
b1c427bcaeb72882833598f3e098cf0b,Material complementar - Videoaula: Estruturas Homogêneas: MATRIZ (61 min),2025-03-27 10:37:58,REINALDO
9a4b7d8baa5be015dd5ef10073cb17b0,Material complementar - Videoaula: Estruturas Homogêneas: MATRIZ (61 min),2025-03-13 16:26:12,REINALDO
b6ba397932fff0e953e940d417cd99e2,Material complementar - Videoaula: Estruturas Homogêneas: MATRIZ (61 min),2025-03-20 13:48:28,REINALDO
8e1a4321c5ae017e199b595daa42d67b,Material complementar - Videoaula: Estruturas Homogêneas: MATRIZ (61 min),2025-03-28 21:56:50,REINALDO
e7bdeffcd4f6b9b543909b9ac27825c7,Material complementar - Videoaula: Estruturas Homogêneas: MATRIZ (61 min),2025-03-11 15:26:39,REINALDO
befc12beccc4fefee35f622ff5eebcef,[AP-7.3] Estrutura Homogênea - MATRIZ,2025-03-27 20:24:15,REINALDO
5054d5b275df188bbc9aa39d3cfa6ad9,[AP-7.3] Estrutura Homogênea - MATRIZ,2025-03-23 14:54:04,REINALDO
ea3b5101990ff4f57b87551fcd058fd6,[AP-7.3] Estrutura Homogênea - MATRIZ,2025-03-28 18:55:45,REINALDO
b1c427bcaeb72882833598f3e098cf0b,[AP-7.3] Estrutura Homogênea - MATRIZ,2025-03-27 10:37:58,REINALDO
9a4b7d8baa5be015dd5ef10073cb17b0,[AP-7.3] Estrutura Homogênea - MATRIZ,2025-03-13 16:26:12,REINALDO
b6ba397932fff0e953e940d417cd99e2,[AP-7.3] Estrutura Homogênea - MATRIZ,2025-03-20 13:49:17,REINALDO
8e1a4321c5ae017e199b595daa42d67b,[AP-7.3] Estrutura Homogênea - MATRIZ,2025-03-28 21:56:50,REINALDO
e7bdeffcd4f6b9b543909b9ac27825c7,[AP-7.3] Estrutura Homogênea - MATRIZ,2025-03-11 15:26:40,REINALDO
befc12beccc4fefee35f622ff5eebcef,[AP-7.4] Estrutura Homogênea - MATRIZ,2025-03-27 20:24:15,REINALDO
5054d5b275df188bbc9aa39d3cfa6ad9,[AP-7.4] Estrutura Homogênea - MATRIZ,2025-03-23 14:54:04,REINALDO
b1c427bcaeb72882833598f3e098cf0b,[AP-7.4] Estrutura Homogênea - MATRIZ,2025-03-27 10:37:59,REINALDO
9a4b7d8baa5be015dd5ef10073cb17b0,[AP-7.4] Estrutura Homogênea - MATRIZ,2025-03-13 16:26:11,REINALDO
a8a3353bab00681a3af2a8ac1fdd30cb,[AP-7.4] Estrutura Homogênea - MATRIZ,2025-03-16 18:08:38,REINALDO
855f7c3e3ceed183001bf3ca81f5834e,[AP-7.4] Estrutura Homogênea - MATRIZ,2025-03-29 08:54:19,REINALDO
b6ba397932fff0e953e940d417cd99e2,[AP-7.4] Estrutura Homogênea - MATRIZ,2025-03-20 13:50:41,REINALDO
8e1a4321c5ae017e199b595daa42d67b,[AP-7.4] Estrutura Homogênea - MATRIZ,2025-03-28 21:56:50,REINALDO
e7bdeffcd4f6b9b543909b9ac27825c7,[AP-7.4] Estrutura Homogênea - MATRIZ,2025-03-11 15:26:42,REINALDO
befc12beccc4fefee35f622ff5eebcef,[T] Estruturas Heterogêneas: REGISTRO,2025-03-27 20:24:16,REINALDO
5054d5b275df188bbc9aa39d3cfa6ad9,[T] Estruturas Heterogêneas: REGISTRO,2025-03-23 14:54:04,REINALDO
b1c427bcaeb72882833598f3e098cf0b,[T] Estruturas Heterogêneas: REGISTRO,2025-03-27 10:37:59,REINALDO
9a4b7d8baa5be015dd5ef10073cb17b0,[T] Estruturas Heterogêneas: REGISTRO,2025-03-13 16:26:10,REINALDO
b6ba397932fff0e953e940d417cd99e2,[T] Estruturas Heterogêneas: REGISTRO,2025-03-20 13:51:06,REINALDO
8e1a4321c5ae017e199b595daa42d67b,[T] Estruturas Heterogêneas: REGISTRO,2025-03-28 21:56:51,REINALDO
e7bdeffcd4f6b9b543909b9ac27825c7,[T] Estruturas Heterogêneas: REGISTRO,2025-03-31 16:09:31,REINALDO
b1c427bcaeb72882833598f3e098cf0b,Material complementar - Videoaula: Estruturas Heterogêneas: REGISTRO (25 min),2025-03-31 20:00:51,REINALDO
e7bdeffcd4f6b9b543909b9ac27825c7,Material complementar - Videoaula: Estruturas Heterogêneas: REGISTRO (25 min),2025-04-03 21:09:55,REINALDO
b1c427bcaeb72882833598f3e098cf0b,[AP-8] Estruturas Heterogêneas - REGISTRO,2025-03-31 20:00:51,REINALDO
e7bdeffcd4f6b9b543909b9ac27825c7,[AP-8] Estruturas Heterogêneas - REGISTRO,2025-04-03 21:09:56,REINALDO
